flow_id,3-tuple,down_min_len,up_slice_max,down_slice_max,top_10_bytes_ratio,down_pkt_standard_deviation,min_interval,down_slice_std,sport,dport,up_slice_std,up_slice_mean,down_bytes,bytes_ratio,flow_byte/s_raito,down_slice_mean,up_interval_std,up_bytes,sum_bytes,top_10_byte/s,min_len,pkt_ratio,flow_pkt/s_raito,down_byte/s,pkt_standard_deviation,flow_byte/s,down_max_interval,up_max_interval,up_pkt_standard_deviation,down_pkt/s,up_byte/s,up_pkt/s,top_10_time_min_interval,flow_pkt/s,down_interval_std,top_10_pkt_std,up_pkt_mean,up_max_len,max_len,up_slice_min,up_pkt_nums,tag,real_tag
10.9.130.109_58.240.57.33_49664_53_17_1688440155.395077,58.240.57.33_53_17,349,2,1,0.0,0.0,1.3113021850585938e-05,0.0,49664,53,0.0,2.0,349,0.556,0.556,1.0,0.0,194,543,0.0,97,2.0,2.0,174500.0,118.794,271500.0,0.0,0.0,0.0,500.0,97000.0,1000.0,1.3113021850585938e-05,1500.0,0.0,0.0,97.0,97,349,2,2,0,0
10.9.130.109_221.6.4.66_49664_53_17_1688439988.978313,221.6.4.66_53_17,85,2,1,0.924,83.825,5.960464477539063e-06,0.0,49664,53,0.2865793094717131,1.9097222222222223,25984,0.907,0.907,1.0,1.7264660388115878,23577,49561,5362.069,68,1.91,1.91,217.091,67.336,414.071,17.50056,17.500623,12.092,1.203,196.981,2.298,1.0013580322265623e-05,3.501,2.314477464954127,25.87682360723588,85.73454545454545,128,451,1,275,0,0
10.9.130.109_221.6.4.66_49755_53_17_1688440120.141707,221.6.4.66_53_17,83,2,1,1.075,66.612,5.960464477539063e-06,0.0,49755,53,0.3691746015438963,1.837209302325581,6234,1.044,1.044,1.0,1.531082807596006,6508,12742,2406.114,69,1.837,1.838,173.027,50.306,353.66,11.890477,11.890026,10.577,1.193,180.632,2.193,5.960464477539063e-06,3.386,1.989780338123835,60.629695694436734,82.37974683544304,118,376,1,79,0,0
10.9.130.109_221.6.4.66_50786_53_17_1688440475.951715,221.6.4.66_53_17,94,2,1,1.726,96.446,5.960464477539063e-06,0.0,50786,53,0.2456701001891583,1.935483870967742,5349,0.962,0.962,1.0,4.9014285292737085,5147,10496,128.857,70,1.935,1.937,63.064,70.49,123.747,35.260614,35.260201,12.862,0.365,60.683,0.707,9.059906005859377e-06,1.073,6.525995192369379,14.691494137765568,85.78333333333333,127,547,1,60,0,0
10.9.130.109_221.6.4.66_54001_53_17_1688440475.951842,221.6.4.66_53_17,94,2,1,1.533,87.07,6.9141387939453125e-06,0.0,54001,53,0.2914805954090255,1.90625,5486,0.956,0.956,1.0,4.314548257463963,5246,10732,152.815,70,1.906,1.907,64.677,66.363,126.525,26.229114,26.229148,15.022,0.377,61.848,0.719,1.0967254638671877e-05,1.096,5.642603686851119,21.81650751151522,86.0,128,541,1,61,0,0
10.9.130.109_221.6.4.66_55956_53_17_1688440190.477148,221.6.4.66_53_17,77,2,1,1.12,61.604,6.9141387939453125e-06,0.0,55956,53,0.2479137326502206,1.9342105263157887,23002,1.04,1.04,1.0,1.235946009996597,23933,46935,2297.694,67,1.934,1.934,192.813,49.438,393.43,11.783931,11.783696,8.906,1.274,200.617,2.464,1.0013580322265623e-05,3.739,1.6286759184672772,54.45401729900192,81.4047619047619,110,428,1,294,0,0
10.9.130.109_221.6.4.66_57023_53_17_1688439988.978313,221.6.4.66_53_17,86,2,1,0.863,76.207,6.9141387939453125e-06,0.0,57023,53,0.25420840580171,1.930555555555556,25213,0.947,0.947,1.0,1.4956350958262823,23870,49083,5906.433,67,1.931,1.931,210.653,62.176,410.084,11.157514,11.15736,11.977,1.203,199.432,2.323,1.5974044799804688e-05,3.526,1.9950287235068915,34.064644427910885,85.86330935251799,128,421,1,278,0,0
10.9.130.117_10.80.128.28_49664_53_17_1697631616.854032,10.80.128.28_53_17,84,2,1,1.449,77.953,5.960464477539063e-06,0.0,49664,53,0.2438458967577335,1.9365079365079363,10673,0.949,0.949,1.0,8.908273395755225,10130,20803,21519.231,68,1.937,1.935,89.047,61.665,173.564,97.977135,97.975748,9.347,0.526,84.517,1.018,5.960464477539063e-06,1.543,12.320437090928714,28.73134177166113,83.0327868852459,114,372,1,122,0,0
10.9.130.117_10.80.128.28_50712_53_17_1697631620.233887,10.80.128.28_53_17,76,2,1,1.094,73.506,5.960464477539063e-06,0.0,50712,53,0.1507148999629735,1.976744186046512,6556,1.044,1.044,1.0,0.5664513727562113,6843,13399,970.082,71,1.977,1.977,317.99,54.69,649.901,2.85628,2.85883,5.591,2.086,331.911,4.123,7.152557373046875e-06,6.208,0.7181153022705051,46.92760381694339,80.50588235294117,94,421,1,85,0,0
10.9.130.117_10.80.128.28_50870_53_17_1697631860.550645,10.80.128.28_53_17,83,2,1,1.233,59.802,5.960464477539063e-06,0.0,50870,53,0.1524553389864963,1.9761904761904765,6627,1.044,1.044,1.0,1.4006959043016038,6918,13545,579.773,73,1.976,1.976,232.919,49.848,476.065,11.026293,11.026592,8.413,1.476,243.146,2.917,5.960464477539063e-06,4.393,1.90737757238343,42.23458298598437,83.34939759036145,118,345,1,83,0,0
10.9.130.117_10.80.128.28_50965_53_17_1697631611.878714,10.80.128.28_53_17,86,2,1,0.869,81.657,5.960464477539063e-06,0.0,50965,53,0.203931119992323,1.9565217391304348,4696,0.846,0.846,1.0,0.4419596506283629,3972,8668,675.355,69,1.957,1.956,867.541,73.361,1601.33,2.633354,2.632742,13.439,4.249,733.789,8.313,7.867813110351562e-06,12.562,0.5936334117138653,66.81167562634543,88.26666666666667,107,367,1,45,0,0
10.9.130.117_10.80.128.28_52026_53_17_1697631842.00906,10.80.128.28_53_17,78,2,1,0.619,69.335,6.9141387939453125e-06,0.0,52026,53,0.1600726981657426,1.973684210526316,11816,1.058,1.058,1.0,1.1556835533571066,12498,24314,1451.149,70,1.974,1.974,251.41,53.465,517.33,11.02069,11.020648,10.97,1.617,265.921,3.192,8.821487426757812e-06,4.809,1.5626808934628256,114.27357524817364,83.32,138,449,1,150,0,0
10.9.130.117_10.80.128.28_52113_53_17_1697631707.488627,10.80.128.28_53_17,72,2,1,1.721,81.814,5.0067901611328125e-06,0.0,52113,53,0.2551470164434614,1.93,32309,0.992,0.992,1.0,0.8550386117127838,32058,64367,42045.455,68,1.93,1.93,325.995,61.146,649.457,10.658068,10.658255,10.249,2.018,323.462,3.895,5.960464477539063e-06,5.913,1.1363450430674815,18.35347378563524,83.05181347150258,121,436,1,386,0,0
10.9.130.117_221.6.4.66_52113_53_17_1697631806.586741,221.6.4.66_53_17,347,2,1,0.0,0.0,8.106231689453125e-06,0.0,52113,53,0.0,2.0,347,0.524,0.524,1.0,0.0,182,529,0.0,91,2.0,2.0,10515.152,120.68,16030.303,0.0,0.0,0.0,30.303,5515.152,60.606,8.106231689453125e-06,90.909,0.0,0.0,91.0,91,347,2,2,0,0
10.9.130.117_10.80.128.28_52235_53_17_1697631616.854919,10.80.128.28_53_17,84,2,1,0.78,81.558,7.152557373046875e-06,0.0,52235,53,0.0,2.0,1340,0.978,0.978,1.0,0.4567531839006405,1310,2650,28000.0,68,2.0,2.0,612.711,62.809,1211.706,1.78803,1.787497,12.149,3.658,598.994,7.316,7.152557373046875e-06,10.974,0.6074117649307139,80.57667156193534,81.875,103,311,2,16,0,0
10.9.130.117_10.80.128.28_52358_53_17_1697631611.872652,10.80.128.28_53_17,104,2,1,0.919,82.147,5.960464477539063e-06,0.0,52358,53,0.3307189138830738,1.875,4548,0.847,0.847,1.0,0.4445880919587232,3854,8402,673.361,68,1.875,1.875,840.355,69.827,1552.476,2.611319,2.611307,11.203,4.435,712.121,8.315,6.9141387939453125e-06,12.749,0.5863479769480878,71.63797875428926,85.64444444444445,106,398,1,45,0,0
10.9.130.117_10.80.128.28_53239_53_17_1697631877.227072,10.80.128.28_53_17,95,2,1,1.477,25.598,5.0067901611328125e-06,0.0,53239,53,0.0,2.0,1205,1.328,1.328,1.0,2.514113281439938,1600,2805,25243.243,73,2.0,1.999,98.876,24.459,230.163,11.028143,11.028352,4.796,0.821,131.287,1.641,5.0067901611328125e-06,2.462,3.424184898207065,31.14546515947386,80.0,87,184,2,20,0,0
10.9.130.117_10.80.128.28_53424_53_17_1697631723.258842,10.80.128.28_53_17,85,2,1,1.779,58.143,6.9141387939453125e-06,0.0,53424,53,0.1714198257421933,1.9696969696969693,5227,1.073,1.073,1.0,0.6314994862051402,5611,10838,4374.359,72,1.97,1.969,377.237,49.324,782.188,3.451423,3.451389,14.236,2.382,404.951,4.691,7.867813110351562e-06,7.073,0.8324336262092368,14.484819639885062,86.32307692307693,138,331,1,65,0,0
10.9.130.117_10.80.128.28_53693_53_17_1697631830.086959,10.80.128.28_53_17,82,2,1,1.529,80.101,5.960464477539063e-06,0.0,53693,53,0.1636014174323578,1.972477064220184,17792,1.006,1.006,1.0,0.9327105436381864,17903,35695,323.096,68,1.972,1.972,300.019,60.294,601.909,9.959771,9.959773,8.644,1.838,301.89,3.625,7.867813110351562e-06,5.463,1.2517877147294765,23.978323544401515,83.26976744186047,112,439,1,215,0,0
10.9.130.117_10.80.128.28_54725_53_17_1697631827.925278,10.80.128.28_53_17,93,2,1,0.703,136.665,5.960464477539063e-06,0.0,54725,53,0.4330127018922193,1.75,1030,0.594,0.594,1.0,0.0223613477536574,612,1642,18772.152,77,1.75,1.75,7686.567,116.451,12253.731,0.107442,0.059487,10.913,29.851,4567.164,52.239,5.960464477539063e-06,82.09,0.045903142247805,122.0918097171141,87.42857142857143,103,430,1,7,0,0
10.9.130.117_10.80.128.28_54741_53_17_1697631649.829636,10.80.128.28_53_17,104,2,1,0.633,44.962,6.9141387939453125e-06,0.0,54741,53,0.5,1.5,1220,0.602,0.602,1.0,17.326932990233807,734,1954,41.222,76,1.5,1.491,11.492,66.13,18.406,43.655161,43.654984,2.986,0.057,6.914,0.085,9.059906005859377e-06,0.141,16.37734032492489,63.17665708155188,81.55555555555556,84,227,1,9,0,0
10.9.130.117_10.80.128.28_54931_53_17_1697631629.477017,10.80.128.28_53_17,95,2,1,1.576,36.721,6.198883056640625e-06,0.0,54931,53,0.4330127018922193,1.75,1674,0.979,0.979,1.0,0.9251853096265203,1639,3313,3990.991,71,1.75,1.75,146.367,37.054,289.674,2.664116,2.666777,3.709,1.049,143.307,1.836,1.0967254638671877e-05,2.885,1.009873809297368,18.69866305381216,78.04761904761905,86,227,1,21,0,0
10.9.130.117_10.80.128.28_54998_53_17_1697631629.477007,10.80.128.28_53_17,94,2,1,1.5,46.578,6.9141387939453125e-06,0.0,54998,53,0.2664693550105965,1.9230769230769231,1904,1.065,1.065,1.0,0.7586522144880075,2027,3931,4266.055,73,1.923,1.924,159.384,41.439,329.064,2.289381,2.289376,4.426,1.088,169.68,2.093,8.106231689453125e-06,3.181,0.7943230632705917,24.166091947189145,81.08,92,255,1,25,0,0
10.9.130.117_10.80.128.28_55202_53_17_1697631621.428766,10.80.128.28_53_17,80,2,1,0.764,59.663,5.960464477539063e-06,0.0,55202,53,0.3033887068256213,1.8974358974358967,5698,1.05,1.05,1.0,0.5738561724169097,5985,11683,4887.372,69,1.897,1.898,284.957,47.12,584.267,2.693056,2.692731,6.796,1.95,299.31,3.701,5.960464477539063e-06,5.651,0.7027157733100038,96.4363002193676,80.87837837837837,98,354,1,74,0,0
10.9.130.117_10.80.128.28_55637_53_17_1697631629.477007,10.80.128.28_53_17,92,2,1,1.303,45.4,6.9141387939453125e-06,0.0,55637,53,0.2664693550105965,1.9230769230769231,1829,1.074,1.074,1.0,0.7728760168853399,1964,3793,4414.747,74,1.923,1.924,153.106,39.762,317.512,2.271677,2.270374,3.275,1.088,164.406,2.093,9.059906005859377e-06,3.181,0.8207508207012303,34.06405730385035,78.56,85,255,1,25,0,0
10.11.43.134_171.13.83.71_59812_34630_17_1681622241.490995,171.13.83.71_34630_17,81,24,54,0.023,107.798,0.0,7.621162457412152,59812,34630,3.6093281467689935,3.493449781659389,2059264,0.042,0.042,6.930434782608696,0.1986898716278034,85586,2144850,9478000.0,81,0.502,0.502,216901.622,565.797,225916.368,4.210992,4.015927,0.972,167.896,9014.746,84.264,0.0,252.159,0.1453728348006715,548.6909512649174,106.9825,115,1307,1,800,1,1
10.11.43.134_39.165.228.29_64923_40129_17_1681620643.796648,39.165.228.29_40129_17,81,7,13,0.035,81.799,0.0,1.6854567646836496,64923,40129,0.977452296677474,1.5930408472012103,2255382,0.051,0.051,2.6283987915407856,0.6039166135581396,114925,2370307,9470000.0,81,0.605,0.605,64585.264,578.909,67876.264,19.219661,18.992375,3.578,49.827,3291.0,30.154,0.0,79.981,0.4758305637181539,549.9090833947008,109.14055080721748,123,1307,1,1053,1,1
10.11.43.134_111.76.92.186_59815_40354_17_1681622237.186526,111.76.92.186_40354_17,81,13,25,0.035,103.75,0.0,1.9515486749662465,59815,40354,0.9591459417106448,1.29375,992550,0.045,0.045,2.392523364485981,0.3181826047466961,44632,1037182,1894000.0,81,0.539,0.539,72096.317,571.258,75338.273,4.142725,4.114329,2.845,55.786,3241.955,30.072,0.0,85.857,0.2422213964861335,549.9090833947008,107.80676328502416,119,1307,1,414,1,1
10.11.43.134_183.138.167.96_64467_32901_17_1681621522.699735,183.138.167.96_32901_17,115,10,20,0.089,134.93,0.0,2.572288310417478,64467,32901,1.3530115411879622,1.8037383177570088,2485890,0.052,0.052,3.012461059190031,0.420415167738981,128158,2614048,254214.286,107,0.599,0.599,41961.615,578.487,44124.911,4.855021,4.702499,6.134,32.646,2163.296,19.547,0.0,52.193,0.3368133629043006,595.2016129010404,110.67184801381693,135,1307,1,1158,1,1
10.11.43.134_183.138.167.96_64467_32901_17_1681621646.665514,183.138.167.96_32901_17,115,32,64,0.0,133.36,0.0,10.036996334323575,64467,32901,4.965526431964671,3.665441176470588,2549138,0.042,0.042,7.286764705882353,0.4159352143499903,106715,2655853,494916.667,107,0.503,0.503,63634.589,566.928,66298.535,5.133916,5.139499,0.378,49.477,2663.946,24.888,0.0,74.365,0.2980699497761097,357.6,107.03610832497492,111,1307,1,997,1,1
10.11.43.134_220.179.188.197_55888_56780_17_1681628514.043029,220.179.188.197_56780_17,115,29,68,0.02,94.122,0.0,5.385920665043288,55888,56780,2.4535046556030093,2.5398936170212765,2467265,0.041,0.041,5.071808510638298,0.3735291248897291,102185,2569450,0.0,107,0.501,0.501,82067.09,564.856,85466.006,4.938021,5.021495,0.0,63.431,3398.916,31.766,0.0,95.197,0.2669292158393216,480.0,107.0,107,1307,1,955,1,1
10.11.43.134_112.51.60.78_64209_11291_17_1681631133.934761,112.51.60.78_11291_17,81,37,74,0.0,129.12,0.0,10.46390419635383,64209,11291,4.924225881170133,3.7886178861788617,1172727,0.043,0.043,7.40650406504065,1.543357065164477,49936,1222663,0.0,81,0.512,0.512,19545.45,568.198,20377.717,30.954298,30.719052,1.511,15.183,832.267,7.767,0.0,22.95,1.1152966448729014,0.0,107.1587982832618,111,1307,1,466,1,1
10.11.43.134_123.134.173.19_49670_38637_17_1681627974.907087,123.134.173.19_38637_17,115,43,85,0.0,117.525,0.0,11.958298072245755,49670,38637,5.818327424191266,4.054054054054054,2316468,0.042,0.042,8.09009009009009,0.4845796501093959,96300,2412768,11878000.0,107,0.501,0.501,51207.374,565.968,53336.163,5.006086,5.158436,0.0,39.702,2128.788,19.895,0.0,59.597,0.3469254924640241,357.6,107.0,107,1307,1,900,1,1
10.11.43.134_58.219.150.74_65397_39090_17_1681631333.895241,58.219.150.74_39090_17,115,9,16,0.01,108.689,0.0,2.315931795670973,65397,39090,1.3548368919945684,2.0605427974947808,1923894,0.057,0.057,3.1106471816283925,0.3185188014976419,108729,2032623,305085.714,107,0.662,0.662,62993.812,584.334,66553.911,4.665849,4.466542,3.532,48.787,3560.1,32.317,0.0,81.104,0.2702316860600004,478.4033444699148,110.161094224924,119,1307,1,987,1,1
10.11.43.134_111.33.227.64_54506_8274_17_1681626272.323654,111.33.227.64_8274_17,95,30,61,1.03,178.313,0.0,10.239652343206746,54506,8274,5.038417415552777,5.512345679012346,2257882,0.043,0.043,10.962962962962964,0.4742599590486659,96248,2354130,24131.313,95,0.503,0.503,37772.384,568.068,39382.528,5.069472,4.869462,19.493,29.711,1610.145,14.939,0.0,44.65,0.3394289046877642,203.1888038254077,107.7805151175812,686,1307,1,893,1,1
10.11.43.134_111.33.227.64_54506_8274_17_1681626335.154633,111.33.227.64_8274_17,115,20,41,0.0,162.993,0.0,8.495663405198972,54506,8274,4.1502291554156026,5.295081967213115,1648740,0.042,0.042,10.59016393442623,0.5476542763628148,69122,1717862,2375600.0,107,0.5,0.5,27497.79,566.966,28650.611,3.615238,3.61528,0.0,21.548,1152.821,10.774,0.0,32.322,0.3896168968795981,357.6,107.0,107,1307,1,646,1,1
10.11.43.134_111.33.227.64_54506_8274_17_1681626398.17349,111.33.227.64_8274_17,115,29,57,0.0,162.648,0.0,12.258500452067263,54506,8274,6.21628929540499,6.65625,1562084,0.044,0.044,12.75,0.533645082004154,68773,1630857,0.0,107,0.522,0.522,27120.926,570.191,28314.964,3.628376,3.627668,2.101,21.251,1194.038,11.094,0.0,32.345,0.3891417142898473,357.6,107.62597809076682,115,1307,1,639,1,1
10.11.43.134_111.33.227.64_54506_8274_17_1681626458.840325,111.33.227.64_8274_17,115,22,44,0.04,163.306,0.0,7.288952731985351,54506,8274,3.4834478954249937,4.062893081761007,1648680,0.042,0.042,8.125786163522013,0.5344542013279794,69122,1717802,8278000.0,107,0.5,0.5,27768.177,567.005,28932.377,3.580301,3.580733,0.0,21.761,1164.199,10.88,0.0,32.641,0.3801257355123478,586.9018316550053,107.0,107,1307,1,646,1,1
10.11.43.134_111.33.227.64_54506_8274_17_1681626521.785158,111.33.227.64_8274_17,115,28,56,0.01,162.745,0.0,10.476489731713196,54506,8274,5.141227824498804,5.586206896551724,1649136,0.042,0.042,11.137931034482758,0.5394721448316578,69344,1718480,2135600.0,107,0.502,0.502,27533.784,567.313,28691.544,3.581908,3.585998,0.222,21.571,1157.759,10.819,0.0,32.39,0.3868902930868317,478.4033444699148,107.01234567901234,111,1307,1,648,1,1
10.11.43.134_111.33.227.64_54506_8274_17_1681626585.743528,111.33.227.64_8274_17,115,31,62,0.04,162.67,0.0,13.73840038773179,54506,8274,6.900866453934256,7.511627906976744,1648756,0.042,0.042,15.023255813953488,0.5461989008017943,69122,1717878,1182571.429,107,0.5,0.5,27801.767,566.91,28967.321,4.06032,4.083384,0.0,21.786,1165.554,10.893,0.0,32.679,0.3886779172802297,586.9018316550053,107.0,107,1307,1,646,1,1
10.11.43.134_111.33.227.64_54506_8274_17_1681626648.66286,111.33.227.64_8274_17,115,32,64,0.023,162.834,0.0,8.016697450729254,54506,8274,4.081413221458655,3.2454545454545456,852532,0.046,0.046,6.072727272727272,0.4944440532894263,38843,891375,9478000.0,107,0.534,0.534,28266.039,571.534,29553.894,3.559775,3.563729,5.065,22.148,1287.855,11.836,0.0,33.984,0.365321730724864,548.6909512649174,108.80392156862744,127,1307,1,357,1,1
10.11.43.134_183.216.147.24_63479_19321_17_1681626132.376526,183.216.147.24_19321_17,115,61,107,0.01,123.288,0.0,19.99341196556965,63479,19321,11.96029482088541,8.717948717948717,1723035,0.042,0.042,17.141025641025642,0.5303195490223976,72848,1795883,5339000.0,107,0.509,0.509,43128.708,567.528,44952.141,5.126332,5.129586,0.708,33.466,1823.434,17.021,0.0,50.487,0.382695267856302,478.4033444699148,107.12941176470588,111,1307,1,680,1,1
10.11.43.134_36.62.45.172_49900_17163_17_1681626250.554771,36.62.45.172_17163_17,95,31,61,1.031,185.982,0.0,7.194590501704523,49900,17163,3.804354075826616,3.141891891891892,2333834,0.043,0.043,6.212837837837838,0.4950758411475607,100208,2434042,28440.476,95,0.506,0.506,40343.55,569.148,42075.784,9.568383,9.380819,19.135,31.79,1732.234,16.076,0.0,47.866,0.3662848428917175,203.2330927777265,107.7505376344086,687,1307,1,930,1,1
10.11.43.134_36.62.45.172_49900_17163_17_1681626311.449481,36.62.45.172_17163_17,115,15,32,0.01,178.573,0.0,5.120692508053213,49900,17163,2.50839431550186,3.1666666666666665,1782532,0.042,0.042,6.306306306306307,0.5136056295241558,75221,1857753,5339000.0,107,0.502,0.502,29802.247,569.127,31059.871,3.55733,3.564232,0.0,23.407,1257.624,11.753,0.0,35.16,0.3729644899253957,478.4033444699148,107.0,107,1307,1,703,1,1
10.11.43.134_36.62.45.172_49900_17163_17_1681626374.816427,36.62.45.172_17163_17,115,27,53,0.023,162.706,0.0,7.313044071148452,49900,17163,3.681219983885634,3.6324324324324326,1705000,0.042,0.042,7.221621621621622,0.5203151377869225,71904,1776904,2369500.0,107,0.503,0.503,28477.418,567.45,29678.381,3.584025,3.575614,0.0,22.314,1200.962,11.224,0.0,33.538,0.3822108537170641,548.6909512649174,107.0,107,1307,1,672,1,1
10.11.43.134_36.62.45.172_49900_17163_17_1681626434.888746,36.62.45.172_17163_17,115,43,85,0.04,171.095,0.0,8.194833528881292,49900,17163,4.096284256180145,3.852564102564103,1525183,0.042,0.042,7.72258064516129,0.5303289481671394,64307,1589490,2468.834,107,0.502,0.502,26900.594,568.013,28034.817,3.551241,3.566538,0.0,21.112,1134.222,10.6,0.0,31.712,0.3801028297822389,586.9018316550053,107.0,107,1307,1,601,1,1
10.11.43.134_36.62.45.172_49900_17163_17_1681626494.931146,36.62.45.172_17163_17,115,46,91,0.023,175.207,0.0,10.869454087603703,49900,17163,5.378561762021996,4.253424657534247,1573609,0.042,0.042,8.401360544217686,0.5421174021392992,66447,1640056,947800.0,107,0.503,0.503,26289.912,568.972,27400.027,3.554895,3.56701,0.0,20.633,1110.114,10.375,0.0,31.008,0.3970478411442448,548.6909512649174,107.0,107,1307,1,621,1,1
10.11.43.134_36.62.45.172_49900_17163_17_1681626554.98762,36.62.45.172_17163_17,115,15,30,0.01,228.006,0.0,5.956299186575502,49900,17163,2.977024247963298,3.432098765432099,686352,0.043,0.043,6.85,0.7826144333933488,29746,716098,3103.168,107,0.507,0.507,11494.565,572.246,11992.732,3.551606,3.744258,0.0,9.178,498.166,4.656,0.0,13.833,0.5712519102926955,478.4033444699149,107.0,107,1307,1,278,1,1
10.11.43.134_36.62.45.172_49900_17163_17_1681626618.255411,36.62.45.172_17163_17,115,31,60,0.01,202.328,0.0,7.685856926473122,49900,17163,3.902160876249496,3.863636363636364,1060726,0.043,0.043,7.618181818181818,0.6431507662499917,45475,1106201,3559333.333,107,0.507,0.507,17728.406,571.805,18488.451,3.63761,3.630149,0.0,14.006,760.045,7.103,0.0,21.109,0.4816770573185723,478.4033444699148,107.0,107,1307,1,425,1,1
10.9.130.55_183.251.123.87_55222_9861_17_1681713939.51285,183.251.123.87_9861_17,81,7,14,0.04,140.583,0.0,2.0191607379741288,55222,9861,0.9961869995305828,1.8883495145631068,994388,0.042,0.042,3.7572815533980575,1.6504554722760365,41597,1035985,1379666.667,81,0.503,0.503,19125.789,567.41,19925.854,31.076428,30.834222,1.317,14.887,800.065,7.482,0.0,22.369,1.180501923440486,586.9018316550053,106.9331619537275,107,1307,1,389,1,1
121.237.56.39_202.119.208.87_60619_80_6_1515752742.580565,202.119.208.87_80_6,246,1,1,2.215,556.0,0.0012569427490234,0.0,60619,80,0.0,1.0,1604,0.34,0.34,1.0,0.0,545,2149,226.453,246,0.5,0.5,459.073,469.86,615.054,0.0,0.0,0.0,0.572,155.982,0.286,0.0012569427490234,0.859,0.0,149.5,545.0,545,1358,1,1,2,2
117.89.109.155_223.2.96.15_55699_80_6_1515752742.589674,223.2.96.15_80_6,383,2,3,0.0,45.724,0.1052711009979248,0.0,55699,80,0.0,2.0,1341,0.744,0.744,3.0,0.0,998,2339,2222.717,383,0.667,0.667,1136.441,43.628,1982.203,0.209382,0.0,0.0,2.542,845.763,1.695,0.416295051574707,4.237,0.0520555,0.0,499.0,499,499,2,2,2,2
117.89.109.155_223.2.96.15_55697_80_6_1515752742.672205,223.2.96.15_80_6,0,7,0,0.0,0.0,0.1001369953155517,0.0,55697,80,0.0,7.0,0,0.0,0.0,0.0,0.0839198377038468,3493,3493,3345.638,498,0.0,0.0,0.0,1.309,3124.329,0.0,0.314996,1.309,0.0,3124.329,6.261,0.1969759464263916,6.261,0.0,0.5,499.0,502,502,7,7,2,2
202.119.32.154_106.37.213.12_61424_80_6_1515752742.761609,106.37.213.12_80_6,0,7,0,0.0,0.0,1.4644720554351809,0.0,61424,80,0.0,7.0,0,0.0,0.0,0.0,13.286539350702371,5021,5021,381.429,533,0.0,0.0,0.0,159.025,55.789,0.0,37.018877,159.025,0.0,55.789,0.078,2.800144910812378,0.078,0.0,0.0,717.2857142857143,858,858,7,7,2,2
202.119.32.153_45.115.144.100_25723_80_6_1515752742.764893,45.115.144.100_80_6,88,2,8,0.356,103.5,2.86102294921875e-06,0.0,25723,80,0.5,1.5,1532,0.535,0.535,8.0,0.0,819,2351,20.776,88,0.375,0.373,12.769,95.437,19.595,19.998307,69.989321,0.0,0.067,6.826,0.025,2.86102294921875e-06,0.092,8.805260072384211,98.14560611662654,273.0,273,295,1,3,2,2
202.119.32.152_45.115.144.100_48228_80_6_1515752742.77113,45.115.144.100_80_6,88,1,6,0.662,103.01,2.86102294921875e-06,1.8856180831641267,48228,80,0.0,1.0,1910,0.429,0.429,3.333333333333333,0.0,819,2729,41.096,88,0.3,0.301,27.275,96.726,38.971,29.995948,9.998621,0.0,0.143,11.695,0.043,2.86102294921875e-06,0.186,9.16118836482331,96.39730286683336,273.0,273,295,1,3,2,2
202.119.32.152_45.115.144.100_46702_80_6_1515752742.771195,45.115.144.100_80_6,88,3,2,0.0,103.5,3.0994415283203125e-06,0.0,46702,80,0.816496580927726,2.0,766,2.138,2.138,2.0,8.290218597299788,1638,2404,27.304,88,1.5,1.528,6.965,76.675,21.858,19.999256,29.995768,0.0,0.036,14.893,0.055,9.998587131500244,0.091,8.164660848984576,0.0,273.0,273,295,1,6,2,2
202.119.32.152_45.115.144.100_50814_80_6_1515752742.771551,45.115.144.100_80_6,88,1,6,0.925,103.5,3.814697265625e-06,2.0,50814,80,0.0,1.0,1532,0.356,0.356,4.0,0.0,546,2078,28.355,88,0.25,0.247,13.925,98.146,18.888,39.995418,0.0,0.0,0.073,4.963,0.018,3.814697265625e-06,0.091,15.776898313387536,11.0,273.0,273,295,1,2,2,2
202.119.32.152_45.115.147.74_63239_80_6_1515752742.771674,45.115.147.74_80_6,88,2,4,0.95,103.5,7.605552673339844e-05,0.9428090415820634,63239,80,0.4714045207910317,1.6666666666666667,1532,0.891,0.891,2.6666666666666665,18.85341938279005,1365,2897,28.017,88,0.625,0.629,17.01,90.356,32.165,29.991814,49.993253,0.0,0.089,15.156,0.056,7.605552673339844e-05,0.144,11.925936499638263,89.56277128360868,273.0,273,295,1,5,2,2
117.89.109.155_223.2.96.15_55700_80_6_1515752742.921852,223.2.96.15_80_6,585,3,1,0.855,0.0,0.1062421798706054,0.0,55700,80,0.0,3.0,585,2.561,2.561,1.0,0.2092805,1498,2083,5710.526,498,3.0,3.0,712.546,37.104,2537.15,0.0,0.524803,0.943,1.218,1824.604,3.654,0.1897108554840088,4.872,0.0,42.5,499.3333333333333,500,585,3,3,2,2
202.119.32.155_202.114.91.6_56152_80_6_1515752743.035088,202.114.91.6_80_6,443,3,1,0.0,0.0,0.0112490653991699,0.0,56152,80,0.0,3.0,443,4.011,4.011,1.0,0.0,1777,2220,23.951,443,3.0,2.95,8.702,83.202,43.609,0.0,4.717629,60.456,0.02,34.907,0.059,4.7176289558410645,0.079,0.0,29.0,592.3333333333334,671,671,3,3,2,2
202.119.32.155_222.28.152.165_33474_80_6_1515752743.357595,222.28.152.165_80_6,370,7,1,0.0,0.0,1.8611698150634768,0.0,33474,80,0.0,7.0,370,10.051,10.051,1.0,4.059453220871284,3719,4089,284.922,330,7.0,7.0,8.854,106.2,97.844,0.0,14.356998,98.173,0.024,88.99,0.168,2.706325054168701,0.191,0.0,55.5,531.2857142857143,614,614,7,7,2,2
36.149.221.141_223.2.96.8_55469_80_6_1515752743.521541,223.2.96.8_80_6,723,5,1,2.261,281.0,0.0280458927154541,0.0,55469,80,1.4142135623730951,3.0,2008,2.548,2.548,1.0,6.140482229961791,5117,7125,171.359,517,4.5,4.471,50.963,214.721,180.833,26.732055,15.700837,65.793,0.051,129.87,0.228,0.0280458927154541,0.279,0.0,223.94081807477616,568.5555555555555,738,1285,2,9,2,2
114.212.189.147_115.25.209.39_35604_80_6_1515752743.553805,115.25.209.39_80_6,0,7,0,0.0,0.0,0.2145018577575683,0.0,35604,80,0.0,7.0,0,0.0,0.0,0.0,3.181888421372126,4670,4670,5874.419,628,0.0,0.0,0.0,22.987,145.605,0.0,11.873159,22.987,0.0,145.605,0.218,0.2145018577575683,0.218,0.0,3.5,667.1428571428571,686,686,7,7,2,2
124.161.3.227_202.119.32.154_63142_80_6_1515752743.582434,202.119.32.154_80_6,0,2,0,0.0,0.0,4.0531158447265625e-06,0.0,63142,80,0.0,2.0,0,0.0,0.0,0.0,0.0,1566,1566,0.0,68,0.0,0.0,0.0,715.0,0.0,0.0,0.0,715.0,0.0,0.0,0.0,4.0531158447265625e-06,0.0,0.0,715.0,783.0,1498,1498,2,2,2,2
202.119.32.154_222.28.152.165_29464_80_6_1515752743.672309,222.28.152.165_80_6,78,3,3,0.0,128.886,3.0994415283203125e-06,0.0,29464,80,0.0,3.0,778,1.986,1.986,3.0,0.0,1545,2323,821.38,78,1.0,1.0,62.49,182.023,186.586,3.598316,7.200098,130.272,0.241,124.096,0.241,1.4780781269073486,0.482,1.7991565,8.0,515.0,615,615,3,3,2,2
202.119.32.154_222.28.152.166_28479_80_6_1515752743.702522,222.28.152.166_80_6,0,5,0,0.0,0.0,1.3657820224761963,0.0,28479,80,0.0,5.0,0,0.0,0.0,0.0,2.537233678720324,3471,3471,422.35,317,0.0,0.0,0.0,310.196,257.531,0.0,7.069821,310.196,0.0,257.531,0.371,2.080759048461914,0.371,0.0,195.5,694.2,1197,1197,5,5,2,2
114.212.189.147_115.25.209.39_35750_80_6_1515752743.702581,115.25.209.39_80_6,0,14,0,0.0,0.0,0.0914030075073242,0.0,35750,80,0.0,14.0,0,0.0,0.0,0.0,2.141937006560318,9215,9215,415.294,622,0.0,0.0,0.0,15.516,288.645,0.0,6.777852,15.516,0.0,288.645,0.439,0.0914030075073242,0.439,0.0,17.368074159215233,658.2142857142857,674,674,14,14,2,2
114.212.189.147_115.25.209.39_36018_80_6_1515752743.734338,115.25.209.39_80_6,0,13,0,0.0,0.0,0.3084559440612793,0.0,36018,80,0.0,13.0,0,0.0,0.0,0.0,2.221698302061386,8618,8618,235.451,624,0.0,0.0,0.0,12.517,270.216,0.0,6.989164,12.517,0.0,270.216,0.408,0.3084559440612793,0.408,0.0,13.670771741200276,662.9230769230769,674,674,13,13,2,2
202.119.32.155_222.28.152.166_45661_80_6_1515752743.772533,222.28.152.166_80_6,0,6,0,0.0,0.0,2.1552510261535645,0.0,45661,80,0.0,6.0,0,0.0,0.0,0.0,1.4793563341596196,4240,4240,469.225,443,0.0,0.0,0.0,197.203,243.356,0.0,6.038076,197.203,0.0,243.356,0.344,2.892332077026367,0.344,0.0,235.5,706.6666666666666,1008,1008,6,6,2,2
180.108.33.127_121.248.63.93_1827_80_6_1515752743.793835,121.248.63.93_80_6,281,2,3,0.0,524.946,5.0067901611328125e-06,0.0,1827,80,0.0,2.0,2309,0.522,0.522,3.0,0.0,1206,3515,4766.798,281,0.667,0.667,6173.797,414.738,9398.396,0.119062,0.0,0.0,8.021,3224.599,5.348,0.0013678073883056,13.369,0.0595285,0.0,603.0,603,1498,2,2,2,2
202.119.32.153_45.115.144.100_42369_80_6_1515752743.798436,45.115.144.100_80_6,88,3,2,0.0,103.5,2.86102294921875e-06,0.0,42369,80,0.0,3.0,766,2.138,2.138,2.0,6.3236439554853305,1638,2404,0.0,88,1.5,1.515,6.386,76.675,20.042,59.990983,29.995662,0.0,0.033,13.656,0.05,3.0994415283203125e-06,0.083,29.99549,103.5,273.0,273,295,3,6,2,2
202.112.23.167_180.149.134.221_52404_80_6_1515752744.28647,180.149.134.221_80_6,342,5,3,1.468,0.0,0.0340540409088134,0.6666666666666666,52404,80,1.3333333333333333,1.6666666666666667,4104,1.835,1.835,1.3333333333333333,5.619804668311218,7530,11634,100.045,342,1.25,1.255,34.937,79.505,99.039,36.361816,21.102297,0.0,0.102,64.102,0.128,0.0343151092529296,0.23,9.327689370836316,80.0,502.0,502,502,1,15,2,2
117.136.45.146_121.248.63.94_8693_80_6_1515752744.305225,121.248.63.94_80_6,542,1,2,0.538,11.876,0.0009670257568359,0.4330127018922193,8693,80,0.0,1.0,2778,0.429,0.429,1.25,0.0473679999999999,1192,3970,880000.0,288,0.8,0.8,2478.145,128.398,3541.481,0.719846,0.345205,7.211,4.46,1063.336,3.568,0.0011861324310302,8.029,0.2592907194853877,132.0,298.0,308,572,1,4,2,2
117.136.45.146_121.248.63.93_6061_80_6_1515752744.369749,121.248.63.93_80_6,542,1,2,0.54,9.104,0.0408051013946533,0.5,6061,80,0.0,1.0,1664,0.356,0.356,1.5,0.0,592,2256,5484.076,290,0.667,0.667,5350.482,126.973,7254.019,0.09539,0.0,6.0,9.646,1903.537,6.431,0.0590119361877441,16.077,0.018189,128.5,296.0,302,563,1,2,2,2
10.11.33.44_1.181.154.17_8000_13407_17_1705750264.804263,1.181.154.17_13407_17,129,1,16,0.025,49.208,0.0,3.499889768987265,8000,13407,0.0,1.0,438294,0.01,0.01,11.02777777777778,0.0240793389588227,4516,442810,36592.76,79,0.093,0.093,139717.565,278.266,141157.157,0.165416,0.215693,15.203,126.554,1439.592,11.795,0.0,138.349,0.0239004537998463,457.95939776360086,122.05405405405403,143,1114,1,37,3,3
10.11.33.44_1.204.25.115_8000_2671_17_1705750285.983097,1.204.25.115_2671_17,129,6,96,0.025,51.883,0.0,16.223054582907622,8000,2671,0.9123280382981346,1.1724137931034482,394084,0.01,0.01,12.75,0.0284176460379786,4119,398203,31287.938,79,0.095,0.095,169207.385,281.342,170975.955,0.219311,0.095619,14.876,153.285,1768.57,14.599,0.0,167.883,0.0228016829079375,454.93833648089054,121.1470588235294,143,1114,1,34,3,3
10.11.33.44_1.207.70.111_8000_19887_17_1705750264.794876,1.207.70.111_19887_17,129,1,16,0.025,49.731,0.0,3.503234656888472,8000,19887,0.0,1.0,429504,0.01,0.01,11.114285714285714,0.0250675939120741,4405,433909,31992.063,79,0.093,0.093,136523.84,277.511,137924.031,0.202176,0.213614,15.299,123.649,1400.191,11.443,0.0,135.092,0.02508279237714,456.3171703979591,122.36111111111111,143,1114,1,36,3,3
10.11.33.44_49.89.229.121_8000_8000_17_1705750264.794612,49.89.229.121_8000_17,129,3,12,0.025,70.318,0.0,2.18172509396424,8000,8000,0.3996526269427266,1.0833333333333333,212590,0.014,0.014,8.391304347826088,0.2493910570810429,2943,215533,72612.613,79,0.135,0.135,67596.184,326.45,68531.955,0.093242,1.291746,11.981,61.367,935.771,8.267,0.0,69.634,0.0223611791553719,456.1857077989182,113.1923076923077,143,1114,1,26,3,3
10.11.33.44_58.208.105.27_8000_32384_17_1705750285.982372,58.208.105.27_32384_17,129,1,14,0.025,50.983,0.0,3.08615861549597,8000,32384,0.0,1.0,451241,0.011,0.011,10.225,0.0264241197343582,4880,456121,36538.462,79,0.1,0.1,193748.819,287.397,195844.139,0.178855,0.102889,11.52,175.612,2095.32,17.604,0.0,193.216,0.0191399892395392,457.1645764929737,119.02439024390245,135,1114,1,41,3,3
10.11.33.44_60.161.15.113_8000_40781_17_1705750285.987555,60.161.15.113_40781_17,129,2,16,0.025,61.053,0.0,3.09218369441403,8000,40781,0.1959591794226542,1.04,283498,0.011,0.011,10.28,0.0210539565580914,3087,286585,29434.307,79,0.101,0.101,120791.649,290.256,122106.945,0.204686,0.144995,14.032,109.501,1315.296,11.078,0.0,120.579,0.02891612882592,456.5,118.73076923076924,143,1114,1,26,3,3
10.11.33.44_106.226.206.240_8000_41339_17_1705750264.795447,106.226.206.240_41339_17,129,1,16,0.025,48.722,0.0,3.4792508198387235,8000,41339,0.0,1.0,447122,0.01,0.01,10.945945945945946,0.0270198443427193,4627,451749,35095.652,79,0.094,0.094,142123.967,279.016,143594.723,0.187479,0.227478,15.106,128.735,1470.757,12.079,0.0,140.814,0.023600491037281,456.98026215581785,121.76315789473684,143,1114,1,38,3,3
10.11.33.44_111.122.137.253_8000_46623_17_1705750285.986438,111.122.137.253_46623_17,129,2,16,0.025,60.084,0.0,2.8289120672486385,8000,46623,0.1888525745775105,1.037037037037037,292128,0.011,0.011,9.814814814814817,0.0143303685451747,3277,295405,33110.656,79,0.106,0.106,124627.986,295.288,126026.024,0.178999,0.148437,12.858,113.055,1398.038,11.945,0.0,125.0,0.0268825197046586,457.4239718248269,117.03571428571428,143,1114,1,28,3,3
10.11.33.44_113.95.240.164_8000_20482_17_1705750285.986622,113.95.240.164_20482_17,129,6,96,0.025,51.873,0.0,16.223054582907622,8000,20482,0.9123280382981346,1.1724137931034482,394074,0.01,0.01,12.75,0.0288248016591181,4119,398193,33028.571,79,0.095,0.095,169421.324,281.333,171192.175,0.19373,0.098704,14.876,153.482,1770.851,14.617,0.0,168.1,0.0224702592042649,458.2771650431647,121.1470588235294,143,1114,1,34,3,3
10.11.33.44_114.107.108.70_8000_35559_17_1705750264.799546,114.107.108.70_35559_17,129,1,31,0.025,44.774,0.0,5.819996859079663,8000,35559,0.0,1.0,531328,0.01,0.01,11.186046511627907,0.0315607353616667,5405,536733,42594.737,79,0.091,0.091,169158.867,275.446,170879.656,0.166804,0.203959,15.249,153.136,1720.79,14.008,0.0,167.144,0.0209511270445114,458.34878640616034,122.8409090909091,143,1114,1,44,3,3
10.11.33.44_116.252.105.203_8000_20247_17_1705750264.795256,116.252.105.203_20247_17,129,1,16,0.025,49.707,0.0,3.503234656888472,8000,20247,0.0,1.0,429524,0.01,0.01,11.114285714285714,0.0241530744032492,4405,433929,32873.469,79,0.093,0.093,136530.197,277.521,137930.388,0.188559,0.209486,15.299,123.649,1400.191,11.443,0.0,135.092,0.024860326673471,455.7835451176359,122.36111111111111,143,1114,1,36,3,3
10.11.33.44_116.252.250.55_8000_25763_17_1705750285.982558,116.252.250.55_25763_17,129,2,32,0.025,57.203,0.0,4.865932173629976,8000,25763,0.1824656076596269,1.0344827586206895,323291,0.011,0.011,10.464285714285714,0.0150762350778451,3547,326838,33053.061,79,0.102,0.102,138811.078,291.125,140334.049,0.204486,0.091697,13.366,125.805,1522.971,12.881,0.0,138.686,0.0252191097048684,458.6638856504837,118.23333333333332,143,1114,1,30,3,3
10.11.33.44_117.41.152.27_8000_18880_17_1705750264.797903,117.41.152.27_18880_17,129,1,16,0.025,46.937,0.0,3.502766763574189,8000,18880,0.0,1.0,482581,0.01,0.01,10.925,0.0194654277827794,4992,487573,39553.922,79,0.094,0.094,153541.521,278.814,155129.812,0.18268,0.137687,15.104,139.039,1588.291,13.045,0.0,152.084,0.0228330319607003,456.7694057180275,121.7560975609756,143,1114,1,41,3,3
10.11.33.44_117.65.226.64_8000_20146_17_1705750285.985898,117.65.226.64_20146_17,129,2,22,0.025,45.749,0.0,3.398188997560371,8000,20146,0.1413919026586838,1.020408163265306,563033,0.011,0.011,10.408163265306122,0.0253283289410101,5995,569028,55294.521,79,0.098,0.098,239486.601,284.016,242036.58,0.133574,0.080996,12.007,216.929,2549.979,21.268,0.0,238.197,0.0162555245929284,457.0321761101728,119.9,143,1114,1,50,3,3
10.11.33.44_122.227.41.26_8000_18807_17_1705750264.799905,122.227.41.26_18807_17,129,1,22,0.025,46.514,0.0,3.906324999280014,8000,18807,0.0,1.0,491572,0.01,0.01,11.125,0.0276682492666342,5024,496596,41451.282,79,0.092,0.092,156501.751,276.602,158101.242,0.17336,0.205161,15.353,141.675,1599.491,13.053,0.0,154.728,0.0220097632475769,457.6918286358191,122.53658536585364,143,1114,1,41,3,3
10.11.33.44_124.226.63.110_8000_47051_17_1705750285.982186,124.226.63.110_47051_17,129,2,16,0.025,57.188,0.0,2.9751247738100672,8000,47051,0.1824656076596269,1.0344827586206895,323234,0.011,0.011,10.10344827586207,0.0102129185745284,3547,326781,34660.944,79,0.102,0.102,136905.548,291.067,138407.878,0.185211,0.087635,13.366,124.1,1502.33,12.706,0.0,136.806,0.025114792520883,457.2269020956663,118.23333333333332,143,1114,1,30,3,3
10.11.33.44_144.255.87.104_8000_11324_17_1705750264.798269,144.255.87.104_11324_17,129,1,16,0.025,48.983,0.0,3.506854396391048,8000,11324,0.0,1.0,442837,0.01,0.01,10.83783783783784,0.0199420404610461,4611,447448,35466.96,79,0.095,0.095,140941.12,280.379,142408.657,0.196662,0.154523,15.177,127.626,1467.537,12.094,0.0,139.72,0.0249716149110665,455.5841195652017,121.34210526315788,143,1114,1,38,3,3
10.11.33.44_171.94.68.47_8000_5926_17_1705750285.988838,171.94.68.47_5926_17,129,1,13,0.025,62.94,0.0,2.889739039424898,8000,5926,0.0,1.0,265537,0.011,0.011,9.26923076923077,0.0482726195105436,3023,268560,32959.184,79,0.108,0.108,114062.285,298.27,115360.825,0.332152,0.319398,13.031,103.522,1298.54,11.168,0.0,114.691,0.0329120983313212,457.1586704854234,116.26923076923076,143,1114,1,26,3,3
10.11.33.44_180.111.222.109_8000_54787_17_1705750264.80045,180.111.222.109_54787_17,129,1,16,0.025,38.956,0.0,3.4393124925874656,8000,54787,0.0,1.0,703736,0.01,0.01,11.175438596491228,0.0345357643289451,7135,710871,66221.311,79,0.091,0.091,224119.745,274.1,226392.038,0.107993,0.206819,14.608,202.866,2272.293,18.471,0.0,221.338,0.016642740132835,457.42637658971967,123.01724137931036,143,1114,1,58,3,3
10.11.33.44_183.11.68.98_8000_49649_17_1705750264.797328,183.11.68.98_49649_17,129,1,16,0.025,48.704,0.0,3.4792508198387235,8000,49649,0.0,1.0,446981,0.01,0.01,10.945945945945946,0.026529311646798,4627,451608,39563.725,79,0.094,0.094,142214.763,278.917,143686.923,0.174072,0.222992,15.106,128.858,1472.16,12.09,0.0,140.948,0.0232522631590975,456.9103741435513,121.76315789473684,143,1114,1,38,3,3
10.11.33.44_220.170.57.14_8000_15337_17_1705750285.989942,220.170.57.14_15337_17,129,2,32,0.025,58.734,0.0,4.789504975177839,8000,15337,0.2533954906327426,1.0689655172413792,336128,0.011,0.011,10.517241379310343,0.0179651430987581,3674,339802,35469.298,79,0.102,0.102,142668.93,290.109,144228.353,0.171125,0.09113,13.239,129.457,1559.423,13.158,0.0,142.615,0.024664584042301,457.9469510762136,118.51612903225806,143,1114,1,31,3,3
10.11.33.44_220.174.87.154_8000_29702_17_1705750285.982918,220.174.87.154_29702_17,129,3,31,0.025,57.303,0.0,4.708871349671288,8000,29702,0.3711537444790451,1.0714285714285714,322176,0.011,0.011,10.428571428571429,0.015147736104635,3547,325723,32268.0,79,0.103,0.103,137271.41,291.521,138782.701,0.198754,0.089412,13.366,124.414,1511.291,12.782,0.0,137.196,0.0249312065272403,456.64122678531777,118.23333333333332,143,1114,1,30,3,3
10.11.33.44_36.63.72.193_8000_63700_17_1705750471.090078,36.63.72.193_63700_17,129,2,32,0.025,39.554,0.0,4.236272048742113,8000,63700,0.1084575426088606,1.011904761904762,1210932,0.009,0.009,13.204819277108436,0.0102987719554513,11104,1222036,29715.867,79,0.078,0.078,220530.322,254.684,222552.541,0.17038,0.125668,15.582,199.599,2022.218,15.48,0.0,215.079,0.0176326499475597,455.7150535148032,130.63529411764705,143,1114,1,85,3,3
10.11.33.44_113.77.54.105_8000_58206_17_1705750471.089886,113.77.54.105_58206_17,129,2,32,0.025,29.583,0.0,4.110902351137712,8000,58206,0.1078253104695491,1.011764705882353,1234747,0.009,0.009,13.297619047619047,0.009972290183445,11267,1246014,34961.039,79,0.077,0.077,224867.419,252.689,226919.323,0.198575,0.123205,15.094,203.424,2051.903,15.662,0.0,219.086,0.0175418172670411,457.23215110051046,131.01162790697674,143,1114,1,86,3,3
10.11.33.44_116.5.184.196_8000_30734_17_1705750471.090645,116.5.184.196_30734_17,129,1,16,0.025,48.029,0.0,3.741657386773941,8000,30734,0.0,1.0,1191066,0.009,0.009,13.0,0.0074569107760806,10957,1202023,27212.121,79,0.078,0.078,216951.913,256.229,218947.723,0.203514,0.123326,15.741,196.539,1995.811,15.301,0.0,211.84,0.0176914474220715,457.6268785812302,130.4404761904762,143,1114,1,84,3,3
10.11.32.122_36.155.185.83_49230_8000_17_1704563532.76599,36.155.185.83_8000_17,71,11,10,1.438,34.16,0.0,1.0203113736987308,49230,8000,0.739362006314646,1.2355134825014342,568528,1.025,1.025,1.364027538726334,0.0333851752947698,582808,1151336,763.774,68,0.906,0.906,7008.654,33.463,14193.348,1.998975,2.000517,30.62,58.618,7184.694,53.095,9.5367431640625e-07,111.714,0.0337663530230522,194.7631638683249,135.31646157418157,678,678,1,4307,4,4
10.11.32.122_36.155.248.37_49269_18005_17_1704555648.41414,36.155.248.37_18005_17,71,20,19,1.459,34.032,0.0,1.0514835801433218,49269,18005,0.7756999735304108,1.230884109916368,546868,1.008,1.008,1.3560334528076463,0.0542777430109929,551047,1097915,524.034,68,0.908,0.908,6746.127,33.887,13543.805,2.005015,2.00427,32.331,56.005,6797.678,50.836,1.1920928955078125e-06,106.842,0.0531975140215158,195.80921837339528,133.71681630672168,679,679,1,4121,4,4
10.11.32.122_36.155.190.178_49290_8000_17_1704560760.329203,36.155.190.178_8000_17,71,10,25,1.461,34.454,0.0,1.1806323334309292,49290,8000,0.8313172196469973,1.400340136054422,543765,0.988,0.988,1.5486394557823129,0.0537726597018388,537002,1080767,520.921,68,0.904,0.904,6710.331,34.522,13337.204,1.999388,1.999952,33.664,56.186,6626.873,50.806,9.5367431640625e-07,106.992,0.0521345180593658,195.756583541908,130.43526839931988,678,678,1,4117,4,4
10.11.32.122_223.109.252.34_49315_8000_17_1704561280.148554,223.109.252.34_8000_17,71,15,25,1.461,34.317,0.0,1.2257603417851275,49315,8000,0.8702543062453696,1.2848837209302326,522434,0.993,0.993,1.42312661498708,0.0641618093014471,518957,1041391,521.308,68,0.903,0.903,6443.756,33.588,12844.627,2.013145,2.002556,31.609,54.344,6400.871,49.065,9.5367431640625e-07,103.409,0.0624370111714989,195.756583541908,130.45676219205632,678,678,1,3978,4,4
10.11.32.122_223.109.252.11_49329_8000_17_1704563792.656367,223.109.252.11_8000_17,71,9,13,1.461,34.469,0.0,1.056932290028522,49329,8000,0.767217027416846,1.3285266457680251,561015,0.906,0.906,1.4648902821316614,0.0439516052110973,508220,1069235,520.534,68,0.907,0.907,6911.009,35.149,13171.65,2.004845,2.004425,35.883,57.566,6260.64,52.207,0.0,109.772,0.0433875663622745,195.756583541908,119.91977347805567,678,678,1,4238,4,4
10.11.32.122_223.109.252.100_50169_8000_17_1704562059.89972,223.109.252.100_8000_17,71,8,12,1.204,34.611,0.0,1.0519411169865718,50169,8000,0.7480711062695594,1.2685046448906203,557694,1.011,1.011,1.3983812949640289,0.0428494973183738,563640,1121334,544.343,68,0.907,0.907,6879.166,32.975,13831.676,2.001049,2.000691,29.468,57.543,6952.51,52.214,9.5367431640625e-07,109.757,0.0422613572325962,194.43878213977789,133.15379163713678,679,679,1,4233,4,4
10.11.32.122_223.109.252.82_50174_8000_17_1704564139.272624,223.109.252.82_8000_17,71,19,21,1.46,34.635,0.0,1.290277129582685,50174,8000,1.0311859341145388,1.371277299801456,545357,1.016,1.016,1.511912640635341,0.0520634428721742,553941,1099298,523.798,68,0.907,0.907,6724.003,34.121,13553.843,2.001573,2.001547,31.905,56.334,6829.84,51.094,0.0001180171966552,107.427,0.0516485307994304,195.63335605156905,133.67302123552125,679,679,1,4144,4,4
10.11.32.122_36.155.185.124_50404_8000_17_1704559720.497498,36.155.185.124_8000_17,71,12,24,1.458,34.702,0.0,1.2188668316231612,50404,8000,0.929906675943808,1.3668515950069349,520097,1.004,1.004,1.5121359223300972,0.0678123110038793,522097,1042194,523.916,68,0.904,0.904,6409.24,34.317,12843.126,2.005897,2.003439,32.511,53.741,6433.886,48.578,9.5367431640625e-07,102.319,0.0658080790605941,195.756583541908,132.44469812278032,679,679,1,3942,4,4
10.11.32.122_223.109.252.86_50471_8000_17_1704558594.171483,223.109.252.86_8000_17,71,37,47,1.204,34.47,0.0,1.3554483742827284,50471,8000,1.1148484552669875,1.3019271948608138,556532,1.037,1.037,1.4280905752753978,0.0406525491081163,577223,1133755,572.928,68,0.912,0.912,6860.771,34.017,13976.614,2.001013,2.001819,31.351,57.533,7115.844,52.467,0.0,110.0,0.0424301278048546,194.26757320767663,135.62570488721803,678,678,1,4256,4,4
10.11.32.122_223.109.252.86_50495_8000_17_1704561800.04901,223.109.252.86_8000_17,71,23,31,1.204,34.069,0.0,1.2796537342404306,50495,8000,0.9293189390091952,1.3884057971014492,576596,1.02,1.02,1.5318943298969072,0.0323041714303535,588083,1164679,852.623,68,0.907,0.907,7118.557,33.056,14378.931,1.998971,2.000689,29.953,58.704,7260.374,53.223,0.0,111.927,0.0335777051023126,194.26757320767663,136.4145209928091,678,678,1,4311,4,4
10.11.32.122_36.155.197.23_50890_18001_17_1704556601.399416,36.155.197.23_18001_17,71,10,11,1.437,37.308,0.0,0.9565833861673314,50890,18001,0.6620845656845149,1.2057761732851986,590855,0.986,0.986,1.3269444444444445,0.031719183055323,582744,1173599,937.088,68,0.909,0.909,7282.189,39.67,14464.412,2.000433,2.002214,41.421,58.876,7182.223,53.514,1.1920928955078125e-06,112.39,0.031800529981628,194.9338349286752,134.2109626900046,679,679,1,4342,4,4
10.11.32.122_36.155.244.180_50941_18000_17_1704560933.654349,36.155.244.180_18000_17,71,31,39,1.459,33.539,0.0,1.3561045989479728,50941,18000,0.9871018110346556,1.3328964613368284,537729,1.021,1.021,1.4724770642201834,0.0560118071685196,549027,1086756,523.256,68,0.905,0.905,6640.597,33.4,13420.717,2.011172,2.002928,31.342,55.498,6780.12,50.237,9.5367431640625e-07,105.735,0.055085950312608,195.80921837339528,134.96238938053096,679,679,1,4068,4,4
10.11.32.122_36.155.190.178_51219_8000_17_1704557727.757653,36.155.190.178_8000_17,71,10,13,1.458,34.162,0.0,1.0501451274379612,51219,8000,0.744083204678128,1.2426017262638718,530253,0.977,0.977,1.368177613320999,0.0628573704396907,518110,1048363,523.916,68,0.908,0.909,6536.488,33.944,12923.288,2.003929,2.00317,33.064,54.695,6386.8,49.691,0.0,104.386,0.0609986562167888,195.756583541908,128.53138179111883,679,679,1,4031,4,4
10.11.32.122_36.155.197.23_51323_18008_17_1704556774.656893,36.155.197.23_18008_17,71,11,18,1.207,41.209,0.0,1.1257001120161556,51323,18008,0.8263784544569589,1.3487566887000315,613516,1.09,1.09,1.4894554611268491,0.03592019385327,668673,1282189,668.552,68,0.906,0.906,7557.57,45.179,15794.59,1.998775,2.002573,45.324,58.291,8237.019,52.785,9.5367431640625e-07,111.076,0.0360305684366364,194.43034742549835,156.04970828471411,678,678,1,4285,4,4
10.11.32.122_223.109.252.25_51538_8000_17_1704558247.596334,223.109.252.25_8000_17,71,16,21,0.786,35.114,0.0,1.1194947272017115,51538,8000,0.8561042075968941,1.3079231692677071,577878,0.992,0.992,1.4372749099639857,0.0302874009505802,573200,1151078,1248.98,68,0.91,0.91,7121.987,33.438,14186.32,1.930988,1.944805,30.498,59.021,7064.333,53.71,0.0,112.731,0.0315200531350684,184.1509163702424,131.5282239559431,678,678,1,4358,4,4
10.11.32.122_223.109.252.11_51804_8000_17_1704559373.913669,223.109.252.11_8000_17,71,11,14,1.458,33.43,0.0,1.130789042597572,51804,8000,0.8430146918324979,1.304980595084088,529373,1.011,1.011,1.439521345407503,0.0607304577600177,534961,1064334,522.104,68,0.907,0.907,6522.264,32.534,13113.375,2.010168,2.003976,29.927,54.84,6591.112,49.714,0.0,104.554,0.058999017755595,195.756583541908,132.58017348203222,679,679,1,4035,4,4
10.11.32.122_36.155.244.242_51838_18000_17_1704557207.867906,36.155.244.242_18000_17,71,21,57,1.464,34.306,0.0,1.5015242553475463,51838,18000,0.95442221636513,1.272142200429053,543939,1.037,1.037,1.3993257738277658,0.0501749922739089,564318,1108257,521.179,68,0.909,0.909,6702.305,33.486,13655.717,2.002294,2.002496,30.198,56.261,6953.411,51.148,0.0,107.409,0.0499239461553072,195.68607513055187,135.94748253432908,678,678,1,4151,4,4
10.11.32.122_36.155.244.212_52251_18000_17_1704558680.788758,36.155.244.212_18000_17,71,11,17,1.462,34.664,0.0,1.0868175025645983,52251,18000,0.7790813865408922,1.290803897685749,557956,1.004,1.004,1.4240024367956137,0.0438607721182884,560235,1118191,521.944,68,0.907,0.907,6876.206,34.286,13780.499,2.001989,2.002416,32.567,57.614,6904.292,52.241,9.5367431640625e-07,109.855,0.0433384383033629,195.80921837339528,132.16206652512386,678,678,1,4239,4,4
10.11.32.122_36.155.244.93_52374_18000_17_1704556861.309917,36.155.244.93_18000_17,71,17,14,1.206,37.913,0.0,1.0770714444602367,52374,18000,0.8528048281628474,1.3136167590881085,592745,1.051,1.051,1.4448552064078866,0.0399423592860352,623240,1215985,585.856,68,0.909,0.909,7304.403,39.461,14984.596,1.999273,2.001139,38.522,57.795,7680.193,52.545,9.5367431640625e-07,110.34,0.0401454833455272,194.37461253980675,146.16322701688554,678,678,1,4264,4,4
10.11.32.122_36.155.185.23_52543_8000_17_1704558074.309661,36.155.185.23_8000_17,71,22,24,0.786,34.479,0.0,1.233767590856757,52543,8000,0.9598592802355862,1.4167471819645732,571609,1.006,1.006,1.5599226804123711,0.018249880166153,575030,1146639,2215.385,68,0.909,0.909,7044.986,34.057,14132.135,1.070377,1.083706,32.311,59.677,7087.149,54.217,0.0,113.894,0.0225282334340573,184.1509163702424,130.71834507842692,678,678,1,4399,4,4
10.11.32.122_36.155.244.46_52548_18000_17_1704561626.733159,36.155.244.46_18000_17,71,14,17,0.786,34.644,0.0,1.177422007691992,52548,18000,0.8454167643201437,1.3287587679170478,573643,0.976,0.976,1.4650808173223544,0.026044874911974,559605,1133248,1480.41,68,0.907,0.907,7076.508,33.944,13979.843,1.62634,1.64143,32.504,59.263,6903.334,53.748,0.0,113.011,0.0278259716859269,184.26079344233813,128.43814551296765,679,679,1,4357,4,4
10.11.32.122_223.109.252.55_52685_8000_17_1704563359.4591,223.109.252.55_8000_17,71,14,12,0.786,33.743,0.0,1.1211802452503343,52685,8000,0.9380989789066024,1.3854464569431204,575839,0.987,0.987,1.524157660521297,0.0293103413779972,568453,1144292,1287.066,68,0.909,0.909,7097.12,32.973,14103.208,1.871443,1.884758,31.23,59.098,7006.088,53.736,0.0,112.834,0.0303207766364256,184.1509163702424,130.37912844036697,678,678,1,4360,4,4
10.11.32.122_36.155.244.241_52901_18000_17_1704560326.986176,36.155.244.241_18000_17,71,14,11,1.207,34.718,0.0,1.0176438631245226,52901,18000,0.7334472412021702,1.2119828815977176,558300,1.013,1.013,1.332382310984308,0.0423161229193108,565684,1123984,548.03,68,0.91,0.91,6879.089,34.125,13849.16,2.000293,2.000223,31.979,57.541,6970.071,52.342,0.0,109.883,0.0419615414631549,194.25179535849853,133.16478342749528,678,678,1,4248,4,4
10.11.32.122_223.109.252.88_53113_8000_17_1704557641.105114,223.109.252.88_8000_17,71,10,10,1.461,34.701,0.0,1.083938210570198,53113,8000,0.7975111515922058,1.3402915838303513,532660,0.989,0.989,1.477626781571097,0.059836123175015,526891,1059551,521.05,68,0.907,0.907,6565.269,33.588,13059.433,2.001957,2.001608,31.363,54.947,6494.164,49.856,0.0,104.803,0.058078257498942,195.756583541908,130.25735475896167,678,678,1,4045,4,4
10.11.32.122_36.155.197.234_53117_18002_17_1704554262.071234,36.155.197.234_18002_17,71,37,40,1.462,33.592,0.0,1.3085400238200422,53117,18002,1.055263635129455,1.2896927016645328,533672,1.013,1.013,1.420294494238156,0.0616428527017509,540569,1074241,521.427,68,0.908,0.908,6577.581,33.426,13240.168,2.006377,2.005751,31.684,54.687,6662.587,49.658,0.0,104.345,0.0606720684754677,195.80921837339528,134.16952097294617,678,678,1,4029,4,4
192.168.202.79_192.168.21.25_54143_445_6_1331920101.87,192.168.21.25_445_6,169,1,1,1.408,0.0,0.0,0.0,54143,445,0.0,1.0,169,1.408,0.0,1.0,0.0,238,407,0.0,169,1.0,0.0,0.0,34.5,0.0,0.0,0.0,0.0,0.0,0.0,0.0,0.0,0.0,0.0,34.5,238.0,238,238,1,1,5,5
192.168.202.79_192.168.21.25_56390_445_6_1331920482.76,192.168.21.25_445_6,109,1,1,0.728,41.154,0.0,0.0,56390,445,0.0,1.0,599,1.005,1.005,1.0,0.0049999999999999,602,1201,0.0,109,1.0,1.0,22.655,39.375,45.424,26.23,0.11,37.507,0.151,22.769,0.151,0.0,0.303,12.315443782322893,23.0,150.5,209,209,1,4,5,5
192.168.202.79_192.168.21.25_56684_445_6_1331920497.89,192.168.21.25_445_6,267,1,1,0.461,0.0,0.0099999904632568,0.0,56684,445,0.0,1.0,267,0.461,0.461,1.0,0.0,123,390,39000.0,123,1.0,1.0,26700.0,72.0,39000.0,0.0,0.0,0.0,100.0,12300.0,100.0,0.0099999904632568,200.0,0.0,72.0,123.0,123,267,1,1,5,5
192.168.202.79_192.168.21.25_56755_445_6_1331920510.49,192.168.21.25_445_6,113,1,1,0.461,100.105,0.0,0.0,56755,445,0.0,1.0,976,0.671,0.671,1.0,0.0,655,1631,0.0,113,1.0,1.0,11.431,88.45,19.103,85.17,0.1,49.048,0.047,7.672,0.047,0.0,0.094,40.10002576890278,72.0,163.75,234,389,1,4,5,5
192.168.202.79_192.168.21.25_57202_445_6_1331920612.53,192.168.21.25_445_6,109,1,1,0.767,99.809,0.0,0.0,57202,445,0.0,1.0,1314,0.807,0.807,1.0,0.0,1060,2374,43.626,109,1.0,1.0,29.568,78.919,53.42,43.94,0.1,42.851,0.158,23.852,0.158,0.0,0.315,16.338203355598463,82.44270737912481,151.42857142857142,234,389,1,7,5,5
192.168.202.79_192.168.21.25_57282_445_6_1331920658.24,192.168.21.25_445_6,267,1,1,0.461,0.0,0.0,0.0,57282,445,0.0,1.0,267,0.461,0.0,1.0,0.0,123,390,0.0,123,1.0,0.0,0.0,72.0,0.0,0.0,0.0,0.0,0.0,0.0,0.0,0.0,0.0,0.0,72.0,123.0,123,267,1,1,5,5
192.168.202.79_192.168.21.25_57315_445_6_1331920752.03,192.168.21.25_445_6,109,1,1,0.782,99.809,0.0,0.0,57315,445,0.0,1.0,1314,0.819,0.0,1.0,0.0,1076,2390,0.0,109,1.0,0.0,0.0,79.004,0.0,0.0,0.0,44.083,0.0,0.0,0.0,0.0,0.0,0.0,82.09652855023774,153.71428571428572,234,389,1,7,5,5
192.168.202.96_192.168.21.100_32866_139_6_1331919055.07,192.168.21.100_139_6,109,1,1,0.994,115.307,0.0,0.0,32866,139,0.0,1.0,971,1.315,1.315,1.0,0.0047140452079103,1277,2248,0.0,109,1.0,1.0,8827.273,137.952,20436.364,0.03,0.03,151.304,45.455,11609.091,45.455,0.0,90.909,0.0043301270189221,0.5,255.4,549,549,1,5,5,5
192.168.202.96_192.168.21.100_32925_139_6_1331919048.94,192.168.21.100_139_6,109,1,1,0.994,115.307,0.0,0.0,32925,139,0.0,1.0,971,1.315,1.315,1.0,0.0873053390247253,1277,2248,0.0,109,1.0,1.0,2624.324,137.952,6075.676,0.23,0.23,151.304,13.514,3451.351,13.514,0.0,27.027,0.0794905654779232,0.5,255.4,549,549,1,5,5,5
192.168.202.96_192.168.21.100_33009_139_6_1331919032.38,192.168.21.100_139_6,109,1,1,0.994,115.307,0.0,0.0,33009,139,0.0,1.0,971,1.315,1.315,1.0,0.0047140452079103,1277,2248,0.0,109,1.0,1.0,16183.333,137.952,37466.667,0.02,0.02,151.304,83.333,21283.333,83.333,0.0,166.667,0.005,0.5,255.4,549,549,1,5,5,5
192.168.202.96_192.168.21.100_33081_139_6_1331920883.88,192.168.21.100_139_6,109,1,1,0.994,115.307,0.0,0.0,33081,139,0.0,1.0,971,1.315,1.315,1.0,0.0,1277,2248,0.0,109,1.0,1.0,7469.231,137.952,17292.308,0.04,0.03,151.304,38.462,9823.077,38.462,0.0,76.923,0.0082915619758885,0.5,255.4,549,549,1,5,5,5
192.168.202.96_192.168.21.100_33269_139_6_1331920870.64,192.168.21.100_139_6,109,1,1,0.994,115.307,0.0,0.0,33269,139,0.0,1.0,971,1.315,1.315,1.0,0.0047140452079103,1277,2248,0.0,109,1.0,1.0,12137.5,137.952,28100.0,0.04,0.02,151.304,62.5,15962.5,62.5,0.0,125.0,0.0122474487139158,0.5,255.4,549,549,1,5,5,5
192.168.202.96_192.168.21.100_33417_139_6_1331918950.79,192.168.21.100_139_6,109,1,1,0.994,115.307,0.0,0.0,33417,139,0.0,1.0,971,1.315,1.315,1.0,0.303021818063027,1277,2248,31700.0,109,1.0,1.0,377.821,137.952,874.708,0.97,0.97,151.304,1.946,496.887,1.946,0.0099999904632568,3.891,0.265518360947035,0.5,255.4,549,549,1,5,5,5
192.168.202.96_192.168.21.100_33522_139_6_1331919061.41,192.168.21.100_139_6,109,1,1,0.994,115.307,0.0,0.0,33522,139,0.0,1.0,971,1.315,1.315,1.0,0.089566858950296,1277,2248,0.0,109,1.0,1.0,2555.263,137.952,5915.789,0.24,0.24,151.304,13.158,3360.526,13.158,0.0,26.316,0.083815273071201,0.5,255.4,549,549,1,5,5,5
192.168.202.96_192.168.21.100_33530_139_6_1331920819.0,192.168.21.100_139_6,109,1,1,0.994,115.307,0.0,0.0,33530,139,0.0,1.0,971,1.315,1.315,1.0,0.1835453319724827,1277,2248,0.0,109,1.0,1.0,372.031,137.952,861.303,1.12,0.69,151.304,1.916,489.272,1.916,0.0,3.831,0.3132391259086259,0.5,255.4,549,549,1,5,5,5
192.168.202.96_192.168.21.100_33553_139_6_1331920875.45,192.168.21.100_139_6,109,1,1,0.994,115.307,0.0,0.0,33553,139,0.0,1.0,971,1.315,1.315,1.0,0.0047140452079103,1277,2248,0.0,109,1.0,1.0,8091.667,137.952,18733.333,0.04,0.03,151.304,41.667,10641.667,41.667,0.0,83.333,0.0070710678118654,0.5,255.4,549,549,1,5,5,5
192.168.202.96_192.168.21.100_33641_139_6_1331919020.72,192.168.21.100_139_6,109,1,1,0.994,115.307,0.0,0.0,33641,139,0.0,1.0,971,1.315,1.315,1.0,0.0081649658092772,1277,2248,0.0,109,1.0,1.0,8091.667,137.952,18733.333,0.04,0.04,151.304,41.667,10641.667,41.667,0.0,83.333,0.0070710678118654,0.5,255.4,549,549,1,5,5,5
192.168.202.96_192.168.21.100_33657_139_6_1331918982.44,192.168.21.100_139_6,109,1,1,0.994,115.307,0.0,0.0,33657,139,0.0,1.0,971,1.315,1.315,1.0,0.0047140452079103,1277,2248,0.0,109,1.0,1.0,5394.444,137.952,12488.889,0.07,0.04,151.304,27.778,7094.444,27.778,0.0,55.556,0.016583123951777,0.5,255.4,549,549,1,5,5,5
192.168.202.96_192.168.21.100_33808_139_6_1331919047.3,192.168.21.100_139_6,109,1,1,0.994,115.307,0.0,0.0,33808,139,0.0,1.0,971,1.315,1.315,1.0,0.0081649658092772,1277,2248,0.0,109,1.0,1.0,2555.263,137.952,5915.789,0.26,0.05,151.304,13.158,3360.526,13.158,0.0,26.316,0.095524865872714,0.5,255.4,549,549,1,5,5,5
192.168.202.96_192.168.21.100_33811_139_6_1331920900.58,192.168.21.100_139_6,109,1,1,0.994,115.307,0.0,0.0,33811,139,0.0,1.0,971,1.315,1.315,1.0,0.0833999733546453,1277,2248,0.0,109,1.0,1.0,3236.667,137.952,7493.333,0.21,0.21,151.304,16.667,4256.667,16.667,0.0,33.333,0.0792148975887743,0.5,255.4,549,549,1,5,5,5
192.168.202.96_192.168.21.100_33960_139_6_1331918999.86,192.168.21.100_139_6,109,1,1,0.994,115.307,0.0,0.0,33960,139,0.0,1.0,971,1.315,1.315,1.0,0.0081649658092772,1277,2248,0.0,109,1.0,1.0,7469.231,137.952,17292.308,0.04,0.04,151.304,38.462,9823.077,38.462,0.0,76.923,0.0082915619758885,0.5,255.4,549,549,1,5,5,5
192.168.202.96_192.168.21.100_34012_139_6_1331920908.1,192.168.21.100_139_6,109,1,1,0.994,115.307,0.0,0.0,34012,139,0.0,1.0,971,1.315,1.315,1.0,0.0081649658092772,1277,2248,0.0,109,1.0,1.0,9710.0,137.952,22480.0,0.03,0.03,151.304,50.0,12770.0,50.0,0.0,100.0,0.0086602540378443,0.5,255.4,549,549,1,5,5,5
192.168.202.96_192.168.21.100_34051_139_6_1331919086.7,192.168.21.100_139_6,109,1,1,0.994,115.307,0.0,0.0,34051,139,0.0,1.0,971,1.315,1.315,1.0,0.0993310961716756,1277,2248,31700.0,109,1.0,1.0,2427.5,137.952,5620.0,0.25,0.25,151.304,12.5,3192.5,12.5,0.0099999904632568,25.0,0.0887059749960508,0.5,255.4,549,549,1,5,5,5
192.168.202.96_192.168.21.100_34221_139_6_1331920952.09,192.168.21.100_139_6,109,1,1,0.994,115.307,0.0,0.0,34221,139,0.0,1.0,971,1.315,1.315,1.0,0.0047140452079103,1277,2248,0.0,109,1.0,1.0,4855.0,137.952,11240.0,0.06,0.05,151.304,25.0,6385.0,25.0,0.0,50.0,0.0070710678118654,0.5,255.4,549,549,1,5,5,5
192.168.202.96_192.168.21.100_34367_139_6_1331920927.27,192.168.21.100_139_6,109,1,1,0.994,115.307,0.0,0.0,34367,139,0.0,1.0,971,1.315,1.315,1.0,0.0047140452079103,1277,2248,0.0,109,1.0,1.0,10788.889,137.952,24977.778,0.03,0.03,151.304,55.556,14188.889,55.556,0.0,111.111,0.0043301270189221,0.5,255.4,549,549,1,5,5,5
172.16.114.169_195.115.218.108_1024_25_6_898690555.837992,195.115.218.108_25_6,73,1,1,0.788,19.404,0.00021493434906,0.0,1024,25,0.0,1.0,764,1.387,1.387,1.0,0.0003688697451525,1060,1824,22750.0,60,0.875,0.875,17767.442,128.96,42418.605,0.002093,0.001844,183.136,186.047,24651.163,162.791,0.0002340078353881,348.837,0.0004744093403614,19.544820285692065,151.42857142857142,599,599,1,7,6,6
172.16.114.169_196.227.33.189_1025_25_6_898690556.900974,196.227.33.189_25_6,73,1,1,0.788,19.261,0.0002219676971435,0.0,1025,25,0.0,1.0,760,1.391,1.391,1.0,0.0003636879003883,1057,1817,180600.0,60,0.875,0.875,95000.0,129.052,227125.0,0.002026,0.00178,183.28,1000.0,132125.0,875.0,0.0002299547195434,1875.0,0.0004661246852744,19.354844354837887,151.0,599,599,1,7,6,6
172.16.113.84_195.115.218.108_1026_25_6_898690631.106768,195.115.218.108_25_6,73,1,1,0.788,19.404,0.0002208948135375,0.0,1026,25,0.0,1.0,764,1.541,1.541,1.0,0.0048381271657762,1177,1941,17500.0,60,0.875,0.875,13642.857,157.892,34660.714,0.002312,0.014069,224.002,142.857,21017.857,125.0,0.000230073928833,267.857,0.0005577693669131,19.544820285692065,168.14285714285714,716,716,1,7,6,6
172.16.113.84_196.227.33.189_1027_25_6_898690632.190557,196.227.33.189_25_6,73,1,1,0.788,19.261,0.0002220869064331,0.0,1027,25,0.0,1.0,760,1.545,1.545,1.0,0.0004353702128329,1174,1934,150500.0,60,0.875,0.875,84444.444,157.99,214888.889,0.002262,0.001986,224.152,888.889,130444.444,777.778,0.0002329349517822,1666.667,0.0005508853480232,19.354844354837887,167.71428571428572,716,716,1,7,6,6
172.16.112.149_195.115.218.108_1028_25_6_898690638.980132,195.115.218.108_25_6,73,1,1,0.79,19.558,0.0002130270004272,0.0,1028,25,0.0,1.0,764,1.257,1.257,1.0,0.0074406178656226,960,1724,15982.456,60,0.875,0.875,12733.333,104.086,28733.333,0.021138,0.02105,147.829,133.333,16000.0,116.667,0.0002360343933105,250.0,0.0074867888903647,19.567575220246376,137.14285714285714,498,498,1,7,6,6
172.16.114.169_194.27.251.21_1029_25_6_898690657.966763,194.27.251.21_25_6,73,2,1,0.787,19.195,0.0002199411392211,0.0,1029,25,0.3499271061118826,1.1428571428571428,758,2.203,2.203,1.0,0.0060133234859716,1670,2428,19543.478,60,1.0,1.0,11147.059,240.114,35705.882,0.021399,0.018477,329.307,117.647,24558.824,117.647,0.0002310276031494,235.294,0.0076523271333337,19.22212267154697,208.75,1078,1078,1,8,6,6
172.16.114.169_194.7.248.153_1048_25_6_898690659.060233,194.7.248.153_25_6,73,2,1,0.788,19.105,0.0002310276031494,0.0,1048,25,0.3499271061118826,1.1428571428571428,760,2.2,2.2,1.0,0.0074207419041604,1672,2432,180600.0,60,1.0,1.0,18095.238,240.048,57904.762,0.036528,0.019087,329.216,190.476,39809.524,190.476,0.0002310276031494,380.952,0.0133167501718282,19.18879881597595,209.0,1078,1078,1,8,6,6
172.16.114.169_197.182.91.233_1049_25_6_898690660.129716,197.182.91.233_25_6,73,2,1,0.844,17.543,0.0002219676971435,0.0,1049,25,0.3142696805273545,1.1111111111111112,938,1.973,1.973,1.0,0.0042646752499638,1851,2789,187000.0,60,1.0,1.0,37520.0,216.179,111560.0,0.017411,0.014511,298.314,400.0,74040.0,400.0,0.0002260208129882,800.0,0.0055013861420895,16.602710622064098,185.1,1078,1078,1,10,6,6
172.16.114.169_195.115.218.108_1051_25_6_898690661.178065,195.115.218.108_25_6,73,2,1,0.786,19.423,0.0002319812774658,0.0,1051,25,0.3499271061118826,1.1428571428571428,760,2.199,2.199,1.0,0.007260701382885,1671,2431,150333.333,60,1.0,1.0,17674.419,240.077,56534.884,0.036065,0.017329,329.261,186.047,38860.465,186.047,0.0002319812774658,372.093,0.0131425492157681,19.446336415890784,208.875,1078,1078,1,8,6,6
172.16.114.169_196.227.33.189_1052_25_6_898690662.238028,196.227.33.189_25_6,73,2,1,0.787,19.195,0.0002340078353881,0.0,1052,25,0.3499271061118826,1.1428571428571428,758,2.203,2.203,1.0,0.0071874818530383,1670,2428,179800.0,60,1.0,1.0,18047.619,240.114,57809.524,0.03585,0.017657,329.307,190.476,39761.905,190.476,0.0002340078353881,380.952,0.0130631386021464,19.22212267154697,208.75,1078,1078,1,8,6,6
172.16.114.169_135.8.60.182_1104_25_6_898690665.310694,135.8.60.182_25_6,73,2,1,0.788,19.105,0.0002390146255493,0.0,1104,25,0.3499271061118826,1.1428571428571428,760,2.2,2.2,1.0,0.0062706136795665,1672,2432,150500.0,60,1.0,1.0,20000.0,240.048,64000.0,0.031669,0.015471,329.216,210.526,44000.0,210.526,0.0002390146255493,421.053,0.0115027074023176,19.18879881597595,209.0,1078,1078,1,8,6,6
172.16.114.207_196.227.33.189_1107_25_6_898690703.174662,196.227.33.189_25_6,73,1,1,0.794,19.423,0.0002379417419433,0.0,1107,25,0.0,1.0,764,1.894,1.894,1.0,0.0022972736316966,1447,2211,19847.826,60,0.875,0.875,15280.0,224.102,44220.0,0.002857,0.007238,317.16,160.0,28940.0,140.0,0.0002669095993041,300.0,0.0007412915343431,19.375499993548555,206.7142857142857,983,983,1,7,6,6
172.16.112.194_196.37.75.158_1109_25_6_898690712.305061,196.37.75.158_25_6,73,1,1,0.791,20.056,0.0002180337905883,0.0,1109,25,0.0,1.0,771,1.357,1.357,1.0,0.0027992962012302,1046,1817,20533.333,60,0.875,0.875,15734.694,123.609,37081.633,0.002069,0.008554,175.443,163.265,21346.939,142.857,0.000248908996582,306.122,0.0004585977721998,19.99099797408824,149.42857142857142,578,578,1,7,6,6
172.16.112.194_196.227.33.189_1110_25_6_898690713.380062,196.227.33.189_25_6,73,1,1,0.795,19.325,0.0002120733261108,0.0,1110,25,0.0,1.0,766,1.363,1.363,1.0,0.0003576322210813,1044,1810,183400.0,60,0.875,0.875,95750.0,123.646,226250.0,0.001998,0.001797,175.538,1000.0,130500.0,875.0,0.0002249479293823,1875.0,0.0004483350681502,19.31346680427934,149.14285714285714,578,578,1,7,6,6
172.16.113.204_196.227.33.189_2677_25_6_898690840.202854,196.227.33.189_25_6,73,2,1,0.792,19.242,0.0002230405807495,0.0,2677,25,0.3499271061118826,1.1428571428571428,764,2.597,2.597,1.0,0.0061705229196593,1984,2748,17882.353,60,1.0,1.0,10760.563,249.887,38704.225,0.019601,0.016725,335.989,112.676,27943.662,112.676,0.0002360343933105,225.352,0.0069861481379624,19.30699355156053,248.0,1078,1078,1,8,6,6
172.16.113.105_194.27.251.21_2678_25_6_898690849.375537,194.27.251.21_25_6,73,1,1,0.795,19.48,0.0001699924468994,0.0,2678,25,0.0,1.0,763,1.524,1.524,1.0,0.0046328701926799,1163,1926,17882.353,60,0.875,0.875,13872.727,153.628,35018.182,0.002287,0.013538,217.877,145.455,21145.455,127.273,0.000230073928833,272.727,0.0005422199481965,19.286264542414635,166.14285714285714,699,699,1,7,6,6
172.16.113.105_197.182.91.233_2679_25_6_898690850.449252,197.182.91.233_25_6,73,1,1,0.795,19.639,0.0002239942550659,0.0,2679,25,0.0,1.0,766,1.521,1.521,1.0,0.0004191076499209,1165,1931,183400.0,60,0.875,0.875,95750.0,153.561,241375.0,0.002212,0.001947,217.774,1000.0,145625.0,875.0,0.0002330541610717,1875.0,0.0005316814261274,19.442479265772665,166.42857142857142,699,699,1,7,6,6
172.16.113.105_197.218.177.69_2680_25_6_898690853.488095,197.218.177.69_25_6,73,1,1,0.789,20.564,0.0002199411392211,0.0,2680,25,0.0,1.0,767,1.516,1.516,1.0,0.0004280235260927,1163,1930,152666.667,60,0.875,0.875,85222.222,153.647,214444.444,0.002221,0.001973,217.877,888.889,129222.222,777.778,0.0002269744873046,1666.667,0.0005346671082708,20.249444436823445,166.14285714285714,699,699,1,7,6,6
172.16.114.168_196.227.33.189_2683_25_6_898690865.355595,196.227.33.189_25_6,73,2,1,0.791,19.141,0.0002360343933105,0.0,2683,25,0.3499271061118826,1.1428571428571428,761,3.34,3.34,1.0,0.0061126531732404,2542,3303,2688.427,60,1.0,1.0,2108.033,316.208,9149.584,0.023338,0.0188,418.125,22.161,7041.551,22.161,0.0002360343933105,44.321,0.0083784123529195,19.11648503255764,317.75,1078,1078,1,8,6,6
172.16.112.194_195.73.151.50_3202_25_6_898690958.375661,195.73.151.50_25_6,73,1,1,0.791,19.78,0.0002100467681884,0.0,3202,25,0.0,1.0,768,1.716,1.716,1.0,0.0015512305867708,1318,2086,14587.302,60,0.875,0.875,11294.118,191.481,30676.471,0.006109,0.006081,271.254,117.647,19382.353,102.941,0.0002100467681884,220.588,0.001684405211541,19.694923203709124,188.28571428571428,852,852,1,7,6,6
172.16.112.194_194.7.248.153_3205_25_6_898690959.468701,194.7.248.153_25_6,73,1,1,0.794,19.326,0.0002189874649047,0.0,3205,25,0.0,1.0,764,1.723,1.723,1.0,0.0005126727351179,1316,2080,182600.0,60,0.875,0.875,84888.889,191.55,231111.111,0.002532,0.00222,271.357,888.889,146222.222,777.778,0.0002310276031494,1666.667,0.0006458479353187,19.26161986957484,188.0,852,852,1,7,6,6
172.16.112.194_197.218.177.69_3207_25_6_898690960.497953,197.218.177.69_25_6,73,1,1,0.788,20.414,0.0002179145812988,0.0,3207,25,0.0,1.0,768,1.714,1.714,1.0,0.0005165815252428,1316,2084,183400.0,60,0.875,0.875,85333.333,191.551,231555.556,0.0025,0.002198,271.357,888.889,146222.222,777.778,0.0002299547195434,1666.667,0.000639170556268,20.22399564873371,188.0,852,852,1,7,6,6
172.16.112.194_135.8.60.182_3208_25_6_898690961.526486,135.8.60.182_25_6,73,1,1,0.794,19.28,0.0002269744873046,0.0,3208,25,0.0,1.0,765,1.722,1.722,1.0,0.0005155104266646,1317,2082,152500.0,60,0.875,0.875,85000.0,191.516,231333.333,0.002596,0.002221,271.305,888.889,146333.333,777.778,0.0002369880676269,1666.667,0.0006689338324694,19.236683705878203,188.1428571428572,852,852,1,7,6,6
172.16.114.169_135.13.216.191_3209_25_6_898691031.633279,135.13.216.191_25_6,73,2,1,0.788,19.147,0.0002460479736328,0.0,3209,25,0.3499271061118826,1.1428571428571428,759,2.69,2.69,1.0,0.003717106006186,2042,2801,20477.273,60,1.0,1.0,12650.0,254.887,46683.333,0.014542,0.011662,341.626,133.333,34033.333,133.333,0.0002549886703491,266.667,0.0050955999128878,19.20130203918474,255.25,1078,1078,1,8,6,6
172.16.114.50_197.182.91.233_1091_25_6_898691034.348021,197.182.91.233_25_6,73,3,1,0.787,19.486,0.0002310276031494,0.0,1091,25,0.6998542122237652,1.2857142857142858,762,5.293,5.293,1.0,0.247612458695255,4033,4795,113250.0,60,1.125,1.125,939.581,432.358,5912.454,0.755243,0.755811,542.371,9.864,4972.873,11.097,0.0002310276031494,20.962,0.27795873848394,19.57140771636011,448.1111111111111,1514,1514,1,9,6,6
192.168.1.5_27.43.199.64_55938_40025_17_1690695270.245382,27.43.199.64_40025_17,106,2,2,0.981,17.991,0.0,0.2420614591379635,55938,40025,0.3812200410828153,1.8235294117647056,3862,1.037,1.037,1.9375,1.1860828613737078,4006,7868,10803.419,106,1.0,1.0,133.444,21.329,271.863,2.708213,2.62653,23.988,1.071,138.42,1.071,0.0002369880676269,2.142,1.2275838756893285,20.819221887476967,129.2258064516129,154,154,1,31,7,7
192.168.1.5_27.45.64.145_64925_37407_17_1690695021.67353,27.45.64.145_37407_17,106,4,4,1.056,17.96,0.0,0.7637626158259734,64925,37407,0.9897433186107868,2.142857142857143,1878,1.026,1.026,2.5,0.8230990691534369,1926,3804,3138.756,106,1.0,1.0,245.844,21.226,497.971,2.579633,2.4482,23.947,1.964,252.127,1.964,0.0,3.927,0.9065186317911788,21.09407499749633,128.4,154,154,1,15,7,7
192.168.1.5_27.45.64.145_64365_53731_17_1690695035.667434,27.45.64.145_53731_17,106,4,3,1.056,17.989,0.0,0.2672612419124244,64365,53731,0.4987228587060335,1.9642857142857144,6980,1.021,1.021,2.0,1.1614290606383522,7126,14106,4402.685,106,0.982,0.982,113.553,21.322,229.482,3.076042,2.619548,23.996,0.911,115.928,0.895,0.0,1.806,1.2929884071217326,21.09407499749633,129.56363636363636,154,154,1,55,7,7
192.168.1.5_27.152.51.164_57631_36218_17_1690697911.32257,27.152.51.164_36218_17,106,3,3,0.981,17.937,9.5367431640625e-07,0.3919183588453084,57631,36218,0.455083060238432,1.8461538461538465,6024,1.02,1.02,1.92,1.2219271567826202,6144,12168,11490.909,106,1.0,1.0,126.624,21.176,255.77,2.747059,2.64879,23.917,1.009,129.146,1.009,9.5367431640625e-07,2.018,1.2491776606208873,20.819221887476967,128.0,154,154,1,48,7,7
192.168.1.5_36.57.165.90_54997_25454_17_1690696802.55415,36.57.165.90_25454_17,106,2,2,0.981,17.986,0.0,0.2664693550105965,54997,25454,0.2641509433962263,1.9245283018867925,12472,1.059,1.059,1.9230769230769231,1.2616298775751895,13212,25684,12153.846,106,1.02,1.02,104.761,21.37,215.738,2.690547,2.640708,23.995,0.84,110.977,0.857,9.5367431640625e-07,1.697,1.2928788952071435,20.819221887476967,129.52941176470588,154,154,1,102,7,7
192.168.1.5_36.63.198.65_50597_12534_17_1690696354.579462,36.63.198.65_12534_17,106,2,2,0.981,17.979,0.0,0.2898606637499727,50597,12534,0.3332782323604247,1.8727272727272728,12862,1.032,1.032,1.907407407407408,1.231113695349262,13270,26132,10803.419,106,1.0,1.0,107.371,21.281,218.148,3.150186,2.645142,23.972,0.86,110.777,0.86,0.0001759529113769,1.72,1.2833807198497134,20.819221887476967,128.83495145631068,154,154,1,103,7,7
192.168.1.5_39.107.142.158_51698_3478_17_1690696629.506738,39.107.142.158_3478_17,98,1,1,0.633,0.0,0.0276401042938232,0.0,51698,3478,0.0,1.0,1176,0.633,0.633,1.0,0.00708318669809,744,1920,19.893,62,1.0,1.0,10.639,18.0,17.37,10.05733,10.063207,0.0,0.109,6.731,0.109,0.0276401042938232,0.217,0.0054936472372134,18.0,62.0,62,98,1,12,7,7
192.168.1.5_39.107.142.158_51704_3478_17_1690696637.553781,39.107.142.158_3478_17,98,1,1,0.633,0.0,0.0291190147399902,0.0,51704,3478,0.0,1.0,1176,0.633,0.633,1.0,0.0050175980757729,744,1920,19.886,62,1.0,1.0,10.636,18.0,17.365,10.059025,10.057653,0.0,0.109,6.729,0.109,0.0292840003967285,0.217,0.0056554537709517,18.0,62.0,62,98,1,12,7,7
192.168.1.5_39.107.142.158_54352_3478_17_1690695667.96896,39.107.142.158_3478_17,98,1,1,0.633,0.0,0.0262641906738281,0.0,54352,3478,0.0,1.0,1176,0.633,0.633,1.0,0.0066117888872831,744,1920,19.901,62,1.0,1.0,10.643,18.0,17.376,10.051366,10.051472,0.0,0.109,6.733,0.109,0.0265209674835205,0.217,0.006084924782058,18.0,62.0,62,98,1,12,7,7
192.168.1.5_39.107.142.158_54997_3478_17_1690696802.303478,39.107.142.158_3478_17,98,1,1,0.633,0.0,0.027782917022705,0.0,54997,3478,0.0,1.0,1176,0.633,0.633,1.0,0.0048164667298757,744,1920,19.904,62,1.0,1.0,10.642,18.0,17.375,10.049075,10.052613,0.0,0.109,6.733,0.109,0.027782917022705,0.217,0.0048607668680421,18.0,62.0,62,98,1,12,7,7
192.168.1.5_39.107.142.158_55015_3478_17_1690696811.25264,39.107.142.158_3478_17,98,1,1,0.633,0.0,0.02885103225708,0.0,55015,3478,0.0,1.0,1176,0.633,0.633,1.0,0.0057772847913185,744,1920,19.896,62,1.0,1.0,10.638,18.0,17.369,10.061454,10.060271,0.0,0.109,6.73,0.109,0.02885103225708,0.217,0.0059675350975501,18.0,62.0,62,98,1,12,7,7
192.168.1.5_39.107.142.158_62523_3478_17_1690698504.481184,39.107.142.158_3478_17,98,1,1,0.633,0.0,0.0290520191192626,0.0,62523,3478,0.0,1.0,1176,0.633,0.633,1.0,0.0070577987850321,744,1920,19.883,62,1.0,1.0,10.636,18.0,17.365,10.056581,10.057686,0.0,0.109,6.729,0.109,0.0294170379638671,0.217,0.0065409724199344,18.0,62.0,62,98,1,12,7,7
192.168.1.5_39.162.151.108_54756_17572_17_1690696024.726553,39.162.151.108_17572_17,106,2,2,0.981,17.969,0.0,0.3142696805273545,54756,17572,0.368599505323942,1.837837837837838,8504,1.028,1.028,1.8888888888888888,1.2262276159024272,8744,17248,7391.813,106,1.0,1.0,114.72,21.25,232.679,2.811057,2.644101,23.958,0.917,117.958,0.917,9.5367431640625e-07,1.835,1.27035218529362,20.819221887476967,128.58823529411765,154,154,1,68,7,7
192.168.1.5_42.49.192.168_64932_48183_17_1690697679.04021,42.49.192.168_48183_17,106,4,3,1.056,17.965,0.0,0.3535533905932738,64932,48183,0.6758308995927093,1.8823529411764703,4004,1.027,1.027,2.0,1.008517626998819,4112,8116,3825.073,106,1.0,1.0,137.321,21.239,278.346,2.80666,2.553706,23.953,1.097,141.025,1.097,0.0,2.195,1.1808613143138549,21.09407499749633,128.5,154,154,1,32,7,7
192.168.1.5_42.49.237.3_51888_15343_17_1690697961.21031,42.49.237.3_15343_17,106,3,2,0.981,17.979,0.0,0.2898606637499727,51888,15343,0.3654500225862142,1.8909090909090909,12862,1.044,1.044,1.907407407407408,1.2510411844295677,13424,26286,13166.667,106,1.01,1.009,107.465,21.312,219.625,2.924178,2.6853,23.982,0.861,112.16,0.869,0.0001649856567382,1.73,1.2985798822607666,20.819221887476967,129.07692307692307,154,154,1,104,7,7
192.168.1.5_42.229.249.203_64368_38247_17_1690695035.153031,42.229.249.203_38247_17,106,3,3,0.962,15.995,0.0,0.2179449471770336,64368,38247,0.3749527559053243,1.9523809523809523,5018,1.01,1.01,2.05,0.6568028957121875,5066,10084,5225.532,106,1.0,1.0,116.747,17.034,234.61,2.195064,2.290918,17.995,0.954,117.863,0.954,0.0,1.908,0.6578029122190096,16.85704600456438,123.5609756097561,142,142,1,41,7,7
192.168.1.5_42.229.249.203_55941_39006_17_1690695269.84168,42.229.249.203_39006_17,106,2,2,1.019,15.993,0.0001771450042724,0.2352941176470588,55941,39006,0.3726779962499649,1.8333333333333333,4042,1.008,1.008,1.9411764705882355,0.6174517523498986,4074,8116,8839.161,106,1.0,1.0,123.322,17.028,247.62,2.175665,2.21592,17.992,1.007,124.298,1.007,0.0001771450042724,2.014,0.6240456518345562,16.72841893306119,123.45454545454544,142,142,1,33,7,7
192.168.1.5_42.238.154.122_58859_34005_17_1690694738.499558,42.238.154.122_34005_17,106,4,3,1.056,18.0,0.0,0.4714045207910317,58859,34005,0.7745966692414834,2.0,2232,1.186,1.186,2.0,1.1105076964318945,2648,4880,4493.151,106,1.111,1.111,135.24,21.707,295.686,2.666574,2.655478,23.88,1.091,160.446,1.212,0.0,2.302,1.0878489069864177,21.09407499749633,132.4,154,154,1,20,7,7
192.168.1.5_49.72.246.204_56359_1869_17_1690694626.075544,49.72.246.204_1869_17,106,3,3,0.981,17.973,0.0,0.3198573697526151,56359,1869,0.3673998351780916,1.8958333333333333,11374,1.03,1.03,1.9361702127659568,1.251684976799576,11710,23084,8154.839,106,1.0,1.0,109.446,21.261,222.126,3.143125,2.648864,23.964,0.876,112.68,0.876,9.5367431640625e-07,1.751,1.3003789771838286,20.819221887476967,128.6813186813187,154,154,1,91,7,7
192.168.1.5_49.72.252.76_56140_54120_17_1690696501.237777,49.72.252.76_54120_17,106,3,2,1.056,17.958,0.0,0.3332782323604247,56140,54120,0.3976974544878587,1.8571428571428568,12898,1.037,1.037,1.8727272727272728,1.2342084192278846,13376,26274,9048.276,106,1.01,1.01,109.347,21.255,222.746,2.800546,2.644889,23.96,0.873,113.399,0.882,0.0,1.755,1.2711652020377575,21.09407499749633,128.6153846153846,154,154,1,104,7,7
192.168.1.5_49.76.114.217_64944_52159_17_1690697708.512344,49.76.114.217_52159_17,106,2,2,1.056,17.999,0.0,0.2547546779093796,64944,52159,0.2874797872880344,1.9090909090909087,10310,1.059,1.059,1.930232558139535,1.1244401078665345,10920,21230,2744.77,106,1.012,1.012,103.571,21.426,213.27,2.792499,2.661845,24.0,0.834,109.699,0.844,0.0001909732818603,1.678,1.288675522932065,21.09407499749633,130.0,154,154,1,84,7,7
192.168.1.5_58.23.39.142_51900_24865_17_1690697987.79753,58.23.39.142_24865_17,106,4,3,1.056,17.972,0.0,0.3231754075504022,51900,24865,0.4580719022979451,1.9130434782608696,11126,1.02,1.02,1.934782608695652,1.1705429019917788,11344,22470,5729.258,106,0.989,0.989,110.16,21.26,222.477,2.976085,2.617512,23.975,0.881,112.318,0.871,9.5367431640625e-07,1.752,1.2926867393566464,21.09407499749633,128.9090909090909,154,154,1,88,7,7
192.168.1.5_58.23.142.46_57099_25996_17_1690695541.637848,58.23.142.46_25996_17,106,3,3,0.981,17.986,0.0,0.3308586641170241,57099,25996,0.4081756160902629,1.9433962264150944,12472,1.072,1.072,1.9230769230769231,1.230741576096242,13366,25838,12271.845,106,1.03,1.03,104.415,21.4,216.314,3.748266,2.655335,23.999,0.837,111.899,0.862,9.5367431640625e-07,1.699,1.2987545274769612,20.819221887476967,129.76699029126215,154,154,1,103,7,7
192.168.1.5_58.23.142.226_65004_6824_17_1690696950.437157,58.23.142.226_6824_17,106,2,2,1.056,17.996,0.0,0.1959591794226542,65004,6824,0.2352941176470588,1.9411764705882355,12188,1.054,1.054,1.96,1.2358894812645882,12846,25034,2394.161,106,1.01,1.011,103.147,21.396,211.862,2.851615,2.635744,23.999,0.829,108.715,0.838,0.0,1.667,1.297496411277892,21.09407499749633,129.75757575757575,154,154,1,99,7,7
192.168.1.5_58.243.56.147_49339_48526_17_1690697385.199193,58.243.56.147_48526_17,106,3,3,0.981,17.978,0.0,0.3046726830337473,49339,48526,0.3811133939004558,1.9245283018867925,12614,1.044,1.044,1.9423076923076923,1.1998283474813252,13164,25778,8000.0,106,1.01,1.009,106.866,21.31,218.391,3.371621,2.64639,23.982,0.856,111.525,0.864,0.0,1.72,1.294222884117271,20.819221887476967,129.05882352941177,154,154,1,102,7,7
10.11.46.37_120.226.31.71_49665_8080_17_1703850862.509556,120.226.31.71_8080_17,62,72,19,2.207,14.39,0.0,2.986681907673944,49665,8080,3.822250771073602,3.4329059829059827,804204,1.079,1.079,3.299273193672509,0.0102962454538774,867737,1671941,2858.086,62,1.041,1.041,12957.865,30.776,26939.416,0.607281,0.200262,40.633,124.341,13981.551,129.433,3.504753112792969e-05,253.774,0.0141448154386963,81.71021967905851,108.02153616332627,551,551,1,8033,8,8
10.11.46.37_111.45.24.123_49812_16285_17_1703851694.356253,111.45.24.123_16285_17,96,61,21,1.819,13.524,0.0,2.8623343604543727,49812,16285,3.457342266240472,3.101061738104601,800382,1.056,1.056,3.0578284815106214,0.0102730599076963,845335,1645717,3221.254,95,1.015,1.015,12922.935,30.131,26571.68,0.482286,0.200573,40.17,125.503,13648.745,127.327,0.0001029968261718,252.83,0.0134322892975208,78.12355598665488,107.1943951306112,551,551,1,7886,8,8
10.11.46.37_120.201.27.120_51479_8080_17_1703851474.109154,120.201.27.120_8080_17,95,52,18,0.802,13.543,0.0,2.923859633545745,51479,8080,3.421689981814992,3.057445200302343,810617,1.048,1.048,2.997731568998109,0.0102089898074656,849362,1659979,2729.494,95,1.02,1.02,12792.819,29.866,26197.096,0.430822,0.20262,39.783,125.132,13404.277,127.673,3.814697265625e-06,252.805,0.0134625215176433,34.624268945351034,104.98912237330038,551,551,1,8090,8,8
10.11.46.37_221.178.59.55_51782_8000_17_1703851547.7574,221.178.59.55_8000_17,97,73,20,1.03,10.983,0.0,2.935451568260215,51782,8000,3.4201540893440856,3.0777820562187137,798222,1.057,1.057,3.031587057010786,0.0102763343187278,844059,1642281,2737.123,95,1.016,1.016,12720.467,29.411,26171.392,0.573687,0.201813,39.866,125.416,13450.925,127.376,0.0004241466522216,252.793,0.0138125252812747,33.830311851947215,105.59977480295258,552,552,1,7993,8,8
10.11.46.37_39.145.5.29_52897_8080_17_1703851401.338514,39.145.5.29_8080_17,95,50,18,2.18,14.113,0.0,2.923391553410815,52897,8080,3.342897237064435,2.901918204849801,814508,1.062,1.062,2.828385228095583,0.0103230114648162,864985,1679493,2945.111,95,1.026,1.026,12939.173,30.694,26680.217,0.378969,0.200508,40.737,124.1,13741.044,127.373,0.0001399517059326,251.473,0.0134996897023676,81.56475954724564,107.8803941132452,551,551,1,8018,8,8
10.11.46.37_120.226.85.218_53613_8080_17_1703850934.660087,120.226.85.218_8080_17,62,120,21,1.261,10.887,0.0,2.7235751267001755,53613,8080,5.21276159278859,3.147571375602521,801891,1.121,1.121,2.917284866468843,0.0101265491893286,898676,1700567,2926.38,62,1.079,1.079,12788.31,28.999,27120.118,0.513765,0.201644,38.768,125.429,14331.808,135.38,0.0,260.809,0.0142223955601083,35.632709692079274,105.86358817292968,552,552,1,8489,8,8
10.11.46.37_39.175.114.175_54916_8080_17_1703850318.961225,39.175.114.175_8080_17,95,60,20,0.926,13.79,0.0,2.7777333177912618,54916,8080,3.370897529753088,2.923823386705483,608554,1.061,1.061,2.834466019417476,0.0103080646587676,645567,1254121,2811.65,95,1.032,1.032,12899.379,30.168,26583.314,0.300315,0.200263,40.045,123.768,13683.935,127.732,0.0,251.5,0.0130493105817001,33.99941175961725,107.13026883504811,551,551,1,6026,8,8
10.11.46.37_120.201.27.152_55261_8000_17_1703850483.152438,120.201.27.152_8000_17,95,71,14,1.819,13.749,0.0,2.712652115948191,55261,8000,3.817231316975418,3.06858407079646,409068,1.109,1.109,2.917343173431734,0.0108094969476726,453592,862660,2822.901,95,1.053,1.053,12502.46,30.359,26365.72,0.557686,0.209033,40.035,120.817,13863.26,127.174,3.886222839355469e-05,247.99,0.0164362453779726,78.12355598665488,109.01033405431389,553,553,1,4161,8,8
10.11.46.37_120.226.31.99_56155_16285_17_1703850253.60332,120.226.31.99_16285_17,95,59,33,0.926,11.56,0.0,2.9169259906302805,56155,16285,3.276242191543309,3.2445793581960105,752218,1.06,1.06,3.1704989154013017,0.0102915038034886,797056,1549274,2450.085,95,1.024,1.024,12816.145,29.748,26396.231,0.426188,0.201646,40.154,124.512,13580.086,127.477,0.0,251.989,0.0136237278898419,33.99941175961725,106.52980486500935,552,552,1,7482,8,8
10.11.46.37_183.245.12.223_56934_16285_17_1703850372.716977,183.245.12.223_16285_17,95,60,19,0.926,12.024,0.0,2.662464041851284,56934,16285,3.390888333498907,2.949332105020728,640413,1.052,1.052,2.866820276497696,0.0103235700934024,673442,1313855,2789.981,95,1.029,1.029,12762.824,29.544,26183.885,0.489182,0.20171,39.723,123.979,13421.061,127.606,0.0,251.584,0.0134096141864055,33.99941175961725,105.17601124472904,552,552,1,6403,8,8
10.11.46.37_111.0.26.223_60740_8080_17_1703851766.598242,111.0.26.223_8080_17,62,208,18,1.817,10.52,0.0,3.081815714362241,60740,8080,7.78533961285027,3.623853211009174,474836,1.17,1.17,3.27542372881356,0.0102799841628759,555422,1030258,3866.109,62,1.107,1.107,12884.945,29.381,27956.637,0.200412,0.20034,39.078,125.855,15071.692,139.341,4.1961669921875e-05,265.196,0.0128518672064234,77.84959858599144,108.16397273612463,552,552,1,5135,8,8
10.11.46.37_111.20.16.115_61078_8000_17_1703850752.922256,111.20.16.115_8000_17,95,72,31,2.18,14.071,0.0,2.937360200373636,61078,8000,3.6788411045147806,3.254483347566183,765077,1.058,1.058,3.142674070909868,0.0102801210074726,809675,1574752,3012.281,95,1.036,1.036,12877.483,30.01,26505.622,0.55072,0.200316,39.703,123.83,13628.139,128.291,0.0001530647277832,252.121,0.014968631567646,81.56475954724564,106.22868013644712,551,551,1,7622,8,8
10.11.46.37_120.220.202.229_61342_8000_17_1703849975.714354,120.220.202.229_8000_17,96,49,59,1.794,8.734,0.0,3.0832362614992803,61342,8000,3.2345591392153983,3.1803619721239857,1534134,1.047,1.047,3.16729088639201,0.0101904694159098,1606503,3140637,2855.14,95,1.004,1.004,12784.876,28.86,26172.847,0.347057,0.201762,39.712,126.854,13387.971,127.404,9.012222290039062e-05,254.258,0.0131576367806666,77.92053644579201,105.08261381475668,556,556,1,15288,8,8
10.11.46.37_111.19.213.31_61494_8000_17_1703851620.259632,111.19.213.31_8000_17,95,49,16,2.209,14.707,0.0,1.973897964050755,61494,8000,2.2759994986470766,2.2587006960556844,623466,0.993,0.993,2.33036750483559,0.0107110599048759,618850,1242316,2952.3,94,0.97,0.97,9862.94,34.243,19652.856,0.331006,0.201525,46.431,95.297,9789.917,92.402,3.600120544433594e-05,187.699,0.014196906122159,81.98542553405453,105.94932374593392,548,548,1,5841,8,8
10.11.46.37_36.152.72.33_61634_16285_17_1703849883.120536,36.152.72.33_16285_17,95,15,13,1.883,11.602,0.0,1.7366557393730155,61634,16285,1.850308671446932,2.265274792754068,738253,1.066,1.066,2.237714987714988,0.0106179734313665,787254,1525507,3852.747,95,1.013,1.013,9200.217,34.274,19011.091,0.202958,0.201663,46.77,90.799,9810.874,91.946,8.0108642578125e-05,182.745,0.0132000342398518,78.19725059105339,106.70290051504472,548,548,1,7378,8,8
10.11.46.37_120.221.188.43_62087_8000_17_1703849820.961427,120.221.188.43_8000_17,96,61,19,0.984,19.141,0.0,2.940012318369351,62087,8000,3.5775022267563545,2.889263360616273,631373,1.034,1.034,2.827552986512524,0.015372764595376,652745,1284118,2243.276,95,1.022,1.022,12366.526,32.099,25151.66,0.361312,0.257434,40.977,114.974,12785.134,117.54,0.0195660591125488,232.514,0.0184938172793831,11.412712210513329,108.7727045492418,550,550,1,6001,8,8
10.11.46.37_117.162.32.105_62570_8000_17_1703850521.631414,117.162.32.105_8000_17,62,82,18,2.18,19.371,0.0,2.79784973839592,62570,8000,4.542781042132961,3.184115523465704,456741,1.141,1.141,2.971820809248555,0.0105676567326393,520967,977708,2861.667,62,1.072,1.072,13522.649,33.558,28946.826,0.656128,0.202291,42.453,121.773,15424.177,130.566,5.316734313964844e-05,252.339,0.0162908716404298,81.56475954724564,118.13310657596372,552,552,1,4410,8,8
10.11.46.37_111.0.26.26_62579_16285_17_1703851849.593157,111.0.26.26_16285_17,95,21,19,1.063,19.149,0.0,2.889674901123653,62579,16285,3.1954604487032245,3.166138524219104,754005,1.016,1.016,3.171195652173913,0.0107352846434877,766278,1520283,2753.968,95,0.999,0.999,13676.11,32.162,27574.828,0.275886,0.208198,41.245,127.002,13898.718,126.857,0.012186050415039,253.859,0.0131663377454136,25.52351856621653,109.56219616814413,553,553,1,6994,8,8
10.11.46.37_111.45.24.13_62660_8000_17_1703850170.003745,111.45.24.13_8000_17,96,62,17,0.802,13.294,0.0,2.7185871615922217,62660,8000,3.4082673625180195,3.056058495821727,898160,1.031,1.031,3.0094043887147337,0.0102707513845461,925698,1823858,2859.232,95,1.016,1.016,13048.582,29.699,26497.24,0.47656,0.20209,39.689,125.523,13448.658,127.513,9.5367431640625e-07,253.036,0.0132235984435707,34.624268945351034,105.46861114275949,551,551,1,8777,8,8
10.11.46.37_111.23.8.106_64046_16285_17_1703850431.49902,111.23.8.106_16285_17,96,72,20,1.051,13.778,0.0,2.790057362898821,64046,16285,3.687467335281172,2.98873527905786,587647,1.067,1.067,2.88063524590164,0.0103555120722112,626908,1214555,2830.909,95,1.038,1.038,12904.541,30.205,26671.242,0.547008,0.200272,40.053,123.479,13766.7,128.179,0.0003271102905273,251.658,0.0144418088967035,35.63158711031548,107.40243275655304,552,552,1,5837,8,8
10.11.46.37_39.175.114.241_64491_8000_17_1703851010.099093,39.175.114.241_8000_17,62,201,21,1.235,12.123,0.0,2.892228043691343,64491,8000,4.753552024485998,3.3043933054393304,1571317,1.055,1.055,3.186231429169282,0.0101484011955329,1658329,3229646,2561.497,62,1.037,1.037,13094.308,29.224,26913.717,0.200956,0.200777,39.168,126.892,13819.408,131.625,7.605552673339844e-05,258.517,0.0123253108988179,35.293200478279104,104.99075656853437,552,552,1,15795,8,8
10.11.46.37_1.82.245.33_60612_16285_17_1703856382.736829,1.82.245.33_16285_17,96,21,25,2.18,13.252,0.0,3.096636051488229,60612,16285,3.129260470655816,2.9641288433382136,825861,1.024,1.024,2.959736456808199,0.0103555299611488,845638,1671499,2810.147,95,1.001,1.001,13024.966,29.671,26361.843,0.269011,0.202417,39.767,127.527,13336.877,127.717,8.606910705566406e-05,255.244,0.0131540808291578,81.56475954724564,104.42553716967151,553,553,1,8098,8,8
10.11.46.37_221.229.224.215_50906_8000_17_1703856705.396804,221.229.224.215_8000_17,96,22,18,1.75,14.449,0.0,2.643976567904108,50906,8000,3.1251447810702144,3.0431681681681684,827279,1.043,1.043,3.0,0.0104121437192032,863100,1690379,2812.785,95,1.015,1.015,12992.823,30.134,26548.232,0.262934,0.20182,39.911,125.471,13555.409,127.324,8.296966552734375e-05,252.796,0.0121417584357588,77.49941935266355,106.46355001850252,551,551,1,8107,8,8
10.11.46.37_150.138.179.143_51102_16285_17_1703855729.082075,150.138.179.143_16285_17,95,38,136,1.794,12.976,0.0,4.880207518592923,51102,16285,3.362469066750217,3.3935897435897435,849478,0.987,0.987,3.492518170158187,0.0104937776868065,838562,1688040,2699.558,95,0.972,0.972,13648.645,29.503,27121.901,0.305295,0.227159,39.891,131.252,13473.256,127.589,3.0994415283203125e-05,258.841,0.0137217466519294,77.92053644579201,105.599042941695,553,553,1,7941,8,8
10.11.46.37_150.138.179.114_51782_8000_17_1703856788.300914,150.138.179.114_8000_17,96,33,32,1.839,17.693,0.0,3.3506801024836794,51782,8000,3.416536540265481,3.124401913875598,842220,1.019,1.019,3.102870813397129,0.0104092600036269,857954,1700174,2968.954,95,1.007,1.007,13648.695,31.899,27552.368,0.253482,0.202015,41.43,126.112,13903.674,126.987,9.393692016601562e-05,253.099,0.0144867655550715,77.9513309700354,109.48876978050023,552,552,1,7836,8,8
